"_time",count
"2024-11-21T10:30:00.000+0530",255
"2024-11-21T10:35:00.000+0530",228
"2024-11-21T10:40:00.000+0530",256
"2024-11-21T10:45:00.000+0530",235
"2024-11-21T10:50:00.000+0530",243
"2024-11-21T10:55:00.000+0530",237
"2024-11-21T11:00:00.000+0530",222
"2024-11-21T11:05:00.000+0530",182
"2024-11-21T11:10:00.000+0530",161
"2024-11-21T11:15:00.000+0530",203
"2024-11-21T11:20:00.000+0530",231
"2024-11-21T11:25:00.000+0530",245
"2024-11-21T11:30:00.000+0530",223
"2024-11-21T11:35:00.000+0530",221
"2024-11-21T11:40:00.000+0530",226
"2024-11-21T11:45:00.000+0530",298
"2024-11-21T11:50:00.000+0530",300
"2024-11-21T11:55:00.000+0530",345
"2024-11-21T12:00:00.000+0530",401
"2024-11-21T12:05:00.000+0530",349
"2024-11-21T12:10:00.000+0530",258
"2024-11-21T12:15:00.000+0530",254
"2024-11-21T12:20:00.000+0530",291
"2024-11-21T12:25:00.000+0530",371
"2024-11-21T12:30:00.000+0530",462
"2024-11-21T12:35:00.000+0530",404
"2024-11-21T12:40:00.000+0530",418
"2024-11-21T12:45:00.000+0530",392
"2024-11-21T12:50:00.000+0530",481
"2024-11-21T12:55:00.000+0530",459
"2024-11-21T13:00:00.000+0530",426
"2024-11-21T13:05:00.000+0530",471
"2024-11-21T13:10:00.000+0530",590
"2024-11-21T13:15:00.000+0530",568
"2024-11-21T13:20:00.000+0530",702
"2024-11-21T13:25:00.000+0530",626
"2024-11-21T13:30:00.000+0530",551
"2024-11-21T13:35:00.000+0530",590
"2024-11-21T13:40:00.000+0530",697
"2024-11-21T13:45:00.000+0530",719
"2024-11-21T13:50:00.000+0530",869
"2024-11-21T13:55:00.000+0530",785
"2024-11-21T14:00:00.000+0530",892
"2024-11-21T14:05:00.000+0530",878
"2024-11-21T14:10:00.000+0530",894
"2024-11-21T14:15:00.000+0530",798
"2024-11-21T14:20:00.000+0530",932
"2024-11-21T14:25:00.000+0530",998
"2024-11-21T14:30:00.000+0530",968
"2024-11-21T14:35:00.000+0530",1150
"2024-11-21T14:40:00.000+0530",1115
"2024-11-21T14:45:00.000+0530",1295
"2024-11-21T14:50:00.000+0530",1295
"2024-11-21T14:55:00.000+0530",1307
"2024-11-21T15:00:00.000+0530",1321
"2024-11-21T15:05:00.000+0530",1245
"2024-11-21T15:10:00.000+0530",1317
"2024-11-21T15:15:00.000+0530",1237
"2024-11-21T15:20:00.000+0530",1222
"2024-11-21T15:25:00.000+0530",1197
"2024-11-21T15:30:00.000+0530",1114
"2024-11-21T15:35:00.000+0530",1145
"2024-11-21T15:40:00.000+0530",1238
"2024-11-21T15:45:00.000+0530",1316
"2024-11-21T15:50:00.000+0530",1247
"2024-11-21T15:55:00.000+0530",1439
"2024-11-21T16:00:00.000+0530",1240
"2024-11-21T16:05:00.000+0530",1299
"2024-11-21T16:10:00.000+0530",1331
"2024-11-21T16:15:00.000+0530",1363
"2024-11-21T16:20:00.000+0530",1378
"2024-11-21T16:25:00.000+0530",1374
"2024-11-21T16:30:00.000+0530",1409
"2024-11-21T16:35:00.000+0530",1328
"2024-11-21T16:40:00.000+0530",1246
"2024-11-21T16:45:00.000+0530",1415
"2024-11-21T16:50:00.000+0530",1549
"2024-11-21T16:55:00.000+0530",1405
"2024-11-21T17:00:00.000+0530",1458
"2024-11-21T17:05:00.000+0530",1360
"2024-11-21T17:10:00.000+0530",1362
"2024-11-21T17:15:00.000+0530",1461
"2024-11-21T17:20:00.000+0530",1674
"2024-11-21T17:25:00.000+0530",1580
"2024-11-21T17:30:00.000+0530",1414
"2024-11-21T17:35:00.000+0530",1349
"2024-11-21T17:40:00.000+0530",1372
"2024-11-21T17:45:00.000+0530",1516
"2024-11-21T17:50:00.000+0530",1399
"2024-11-21T17:55:00.000+0530",1449
"2024-11-21T18:00:00.000+0530",1656
"2024-11-21T18:05:00.000+0530",1487
"2024-11-21T18:10:00.000+0530",1358
"2024-11-21T18:15:00.000+0530",1449
"2024-11-21T18:20:00.000+0530",1602
"2024-11-21T18:25:00.000+0530",1468
"2024-11-21T18:30:00.000+0530",1404
"2024-11-21T18:35:00.000+0530",1508
"2024-11-21T18:40:00.000+0530",1627
"2024-11-21T18:45:00.000+0530",1661
"2024-11-21T18:50:00.000+0530",1686
"2024-11-21T18:55:00.000+0530",1754
"2024-11-21T19:00:00.000+0530",1671
"2024-11-21T19:05:00.000+0530",1674
"2024-11-21T19:10:00.000+0530",1906
"2024-11-21T19:15:00.000+0530",1877
"2024-11-21T19:20:00.000+0530",1986
"2024-11-21T19:25:00.000+0530",1999
"2024-11-21T19:30:00.000+0530",1787
"2024-11-21T19:35:00.000+0530",1746
"2024-11-21T19:40:00.000+0530",2004
"2024-11-21T19:45:00.000+0530",2139
"2024-11-21T19:50:00.000+0530",2142
"2024-11-21T19:55:00.000+0530",2543
"2024-11-21T20:00:00.000+0530",2182
"2024-11-21T20:05:00.000+0530",2132
"2024-11-21T20:10:00.000+0530",2087
"2024-11-21T20:15:00.000+0530",2263
"2024-11-21T20:20:00.000+0530",2482
"2024-11-21T20:25:00.000+0530",2082
"2024-11-21T20:30:00.000+0530",2265
"2024-11-21T20:35:00.000+0530",2335
"2024-11-21T20:40:00.000+0530",2137
"2024-11-21T20:45:00.000+0530",2303
"2024-11-21T20:50:00.000+0530",2131
"2024-11-21T20:55:00.000+0530",2137
"2024-11-21T21:00:00.000+0530",2123
"2024-11-21T21:05:00.000+0530",2158
"2024-11-21T21:10:00.000+0530",2207
"2024-11-21T21:15:00.000+0530",2032
"2024-11-21T21:20:00.000+0530",2212
"2024-11-21T21:25:00.000+0530",2098
"2024-11-21T21:30:00.000+0530",2098
"2024-11-21T21:35:00.000+0530",1832
"2024-11-21T21:40:00.000+0530",2075
"2024-11-21T21:45:00.000+0530",2115
"2024-11-21T21:50:00.000+0530",2033
"2024-11-21T21:55:00.000+0530",1943
"2024-11-21T22:00:00.000+0530",2069
"2024-11-21T22:05:00.000+0530",1945
"2024-11-21T22:10:00.000+0530",1987
"2024-11-21T22:15:00.000+0530",1805
"2024-11-21T22:20:00.000+0530",1831
"2024-11-21T22:25:00.000+0530",1708
"2024-11-21T22:30:00.000+0530",1883
"2024-11-21T22:35:00.000+0530",1989
"2024-11-21T22:40:00.000+0530",1775
"2024-11-21T22:45:00.000+0530",1732
"2024-11-21T22:50:00.000+0530",1711
"2024-11-21T22:55:00.000+0530",1568
"2024-11-21T23:00:00.000+0530",1730
"2024-11-21T23:05:00.000+0530",1427
"2024-11-21T23:10:00.000+0530",1698
"2024-11-21T23:15:00.000+0530",1787
"2024-11-21T23:20:00.000+0530",1699
"2024-11-21T23:25:00.000+0530",1439
"2024-11-21T23:30:00.000+0530",1597
"2024-11-21T23:35:00.000+0530",1794
"2024-11-21T23:40:00.000+0530",1765
"2024-11-21T23:45:00.000+0530",1539
"2024-11-21T23:50:00.000+0530",1330
"2024-11-21T23:55:00.000+0530",1545
"2024-11-22T00:00:00.000+0530",1584
"2024-11-22T00:05:00.000+0530",1768
"2024-11-22T00:10:00.000+0530",1668
"2024-11-22T00:15:00.000+0530",1786
"2024-11-22T00:20:00.000+0530",1830
"2024-11-22T00:25:00.000+0530",1560
"2024-11-22T00:30:00.000+0530",1696
"2024-11-22T00:35:00.000+0530",1703
"2024-11-22T00:40:00.000+0530",1647
"2024-11-22T00:45:00.000+0530",1884
"2024-11-22T00:50:00.000+0530",2017
"2024-11-22T00:55:00.000+0530",1934
"2024-11-22T01:00:00.000+0530",1701
"2024-11-22T01:05:00.000+0530",1852
"2024-11-22T01:10:00.000+0530",1773
"2024-11-22T01:15:00.000+0530",1901
"2024-11-22T01:20:00.000+0530",1877
"2024-11-22T01:25:00.000+0530",1765
"2024-11-22T01:30:00.000+0530",1708
"2024-11-22T01:35:00.000+0530",1944
"2024-11-22T01:40:00.000+0530",1872
"2024-11-22T01:45:00.000+0530",1776
"2024-11-22T01:50:00.000+0530",1617
"2024-11-22T01:55:00.000+0530",1742
"2024-11-22T02:00:00.000+0530",1424
"2024-11-22T02:05:00.000+0530",1323
"2024-11-22T02:10:00.000+0530",1486
"2024-11-22T02:15:00.000+0530",1755
"2024-11-22T02:20:00.000+0530",1585
"2024-11-22T02:25:00.000+0530",1604
"2024-11-22T02:30:00.000+0530",1472
"2024-11-22T02:35:00.000+0530",1579
"2024-11-22T02:40:00.000+0530",1755
"2024-11-22T02:45:00.000+0530",1534
"2024-11-22T02:50:00.000+0530",1385
"2024-11-22T02:55:00.000+0530",1334
"2024-11-22T03:00:00.000+0530",1336
"2024-11-22T03:05:00.000+0530",1317
"2024-11-22T03:10:00.000+0530",1164
"2024-11-22T03:15:00.000+0530",1277
"2024-11-22T03:20:00.000+0530",1164
"2024-11-22T03:25:00.000+0530",1171
"2024-11-22T03:30:00.000+0530",1019
"2024-11-22T03:35:00.000+0530",1089
"2024-11-22T03:40:00.000+0530",1108
"2024-11-22T03:45:00.000+0530",1166
"2024-11-22T03:50:00.000+0530",1003
"2024-11-22T03:55:00.000+0530",1109
"2024-11-22T04:00:00.000+0530",1147
"2024-11-22T04:05:00.000+0530",963
"2024-11-22T04:10:00.000+0530",1045
"2024-11-22T04:15:00.000+0530",973
"2024-11-22T04:20:00.000+0530",855
"2024-11-22T04:25:00.000+0530",892
"2024-11-22T04:30:00.000+0530",914
"2024-11-22T04:35:00.000+0530",846
"2024-11-22T04:40:00.000+0530",715
"2024-11-22T04:45:00.000+0530",647
"2024-11-22T04:50:00.000+0530",742
"2024-11-22T04:55:00.000+0530",708
"2024-11-22T05:00:00.000+0530",677
"2024-11-22T05:05:00.000+0530",504
"2024-11-22T05:10:00.000+0530",570
"2024-11-22T05:15:00.000+0530",710
"2024-11-22T05:20:00.000+0530",651
"2024-11-22T05:25:00.000+0530",618
"2024-11-22T05:30:00.000+0530",573
"2024-11-22T05:35:00.000+0530",526
"2024-11-22T05:40:00.000+0530",517
"2024-11-22T05:45:00.000+0530",400
"2024-11-22T05:50:00.000+0530",500
"2024-11-22T05:55:00.000+0530",383
"2024-11-22T06:00:00.000+0530",404
"2024-11-22T06:05:00.000+0530",347
"2024-11-22T06:10:00.000+0530",439
"2024-11-22T06:15:00.000+0530",473
"2024-11-22T06:20:00.000+0530",471
"2024-11-22T06:25:00.000+0530",461
"2024-11-22T06:30:00.000+0530",419
"2024-11-22T06:35:00.000+0530",356
"2024-11-22T06:40:00.000+0530",380
"2024-11-22T06:45:00.000+0530",388
"2024-11-22T06:50:00.000+0530",340
"2024-11-22T06:55:00.000+0530",372
"2024-11-22T07:00:00.000+0530",354
"2024-11-22T07:05:00.000+0530",329
"2024-11-22T07:10:00.000+0530",311
"2024-11-22T07:15:00.000+0530",362
"2024-11-22T07:20:00.000+0530",375
"2024-11-22T07:25:00.000+0530",283
"2024-11-22T07:30:00.000+0530",258
"2024-11-22T07:35:00.000+0530",382
"2024-11-22T07:40:00.000+0530",301
"2024-11-22T07:45:00.000+0530",225
"2024-11-22T07:50:00.000+0530",364
"2024-11-22T07:55:00.000+0530",260
"2024-11-22T08:00:00.000+0530",250
"2024-11-22T08:05:00.000+0530",324
"2024-11-22T08:10:00.000+0530",287
"2024-11-22T08:15:00.000+0530",247
"2024-11-22T08:20:00.000+0530",269
"2024-11-22T08:25:00.000+0530",216
"2024-11-22T08:30:00.000+0530",239
"2024-11-22T08:35:00.000+0530",249
"2024-11-22T08:40:00.000+0530",217
"2024-11-22T08:45:00.000+0530",246
"2024-11-22T08:50:00.000+0530",261
"2024-11-22T08:55:00.000+0530",254
"2024-11-22T09:00:00.000+0530",215
"2024-11-22T09:05:00.000+0530",233
"2024-11-22T09:10:00.000+0530",185
"2024-11-22T09:15:00.000+0530",313
"2024-11-22T09:20:00.000+0530",239
"2024-11-22T09:25:00.000+0530",193
"2024-11-22T09:30:00.000+0530",185
"2024-11-22T09:35:00.000+0530",182
"2024-11-22T09:40:00.000+0530",162
"2024-11-22T09:45:00.000+0530",207
"2024-11-22T09:50:00.000+0530",168
"2024-11-22T09:55:00.000+0530",206
"2024-11-22T10:00:00.000+0530",174
"2024-11-22T10:05:00.000+0530",204
"2024-11-22T10:10:00.000+0530",154
"2024-11-22T10:15:00.000+0530",215
"2024-11-22T10:20:00.000+0530",234
"2024-11-22T10:25:00.000+0530",212
"2024-11-22T10:30:00.000+0530",176
"2024-11-22T10:35:00.000+0530",330
"2024-11-22T10:40:00.000+0530",325
"2024-11-22T10:45:00.000+0530",367
"2024-11-22T10:50:00.000+0530",297
"2024-11-22T10:55:00.000+0530",256
"2024-11-22T11:00:00.000+0530",218
"2024-11-22T11:05:00.000+0530",313
"2024-11-22T11:10:00.000+0530",264
"2024-11-22T11:15:00.000+0530",175
"2024-11-22T11:20:00.000+0530",329
"2024-11-22T11:25:00.000+0530",343
"2024-11-22T11:30:00.000+0530",240
"2024-11-22T11:35:00.000+0530",315
"2024-11-22T11:40:00.000+0530",304
"2024-11-22T11:45:00.000+0530",232
"2024-11-22T11:50:00.000+0530",265
"2024-11-22T11:55:00.000+0530",229
"2024-11-22T12:00:00.000+0530",282
"2024-11-22T12:05:00.000+0530",242
"2024-11-22T12:10:00.000+0530",300
"2024-11-22T12:15:00.000+0530",336
"2024-11-22T12:20:00.000+0530",345
"2024-11-22T12:25:00.000+0530",313
"2024-11-22T12:30:00.000+0530",374
"2024-11-22T12:35:00.000+0530",386
"2024-11-22T12:40:00.000+0530",390
"2024-11-22T12:45:00.000+0530",359
"2024-11-22T12:50:00.000+0530",343
"2024-11-22T12:55:00.000+0530",388
"2024-11-22T13:00:00.000+0530",421
"2024-11-22T13:05:00.000+0530",515
"2024-11-22T13:10:00.000+0530",461
"2024-11-22T13:15:00.000+0530",601
"2024-11-22T13:20:00.000+0530",594
"2024-11-22T13:25:00.000+0530",723
"2024-11-22T13:30:00.000+0530",641
"2024-11-22T13:35:00.000+0530",751
"2024-11-22T13:40:00.000+0530",681
"2024-11-22T13:45:00.000+0530",764
"2024-11-22T13:50:00.000+0530",687
"2024-11-22T13:55:00.000+0530",876
"2024-11-22T14:00:00.000+0530",838
"2024-11-22T14:05:00.000+0530",1016
"2024-11-22T14:10:00.000+0530",838
"2024-11-22T14:15:00.000+0530",920
"2024-11-22T14:20:00.000+0530",1062
"2024-11-22T14:25:00.000+0530",1017
"2024-11-22T14:30:00.000+0530",872
"2024-11-22T14:35:00.000+0530",975
"2024-11-22T14:40:00.000+0530",1032
"2024-11-22T14:45:00.000+0530",1166
"2024-11-22T14:50:00.000+0530",1224
"2024-11-22T14:55:00.000+0530",1117
"2024-11-22T15:00:00.000+0530",966
"2024-11-22T15:05:00.000+0530",1205
"2024-11-22T15:10:00.000+0530",1041
"2024-11-22T15:15:00.000+0530",1382
"2024-11-22T15:20:00.000+0530",1245
"2024-11-22T15:25:00.000+0530",1411
"2024-11-22T15:30:00.000+0530",1080
"2024-11-22T15:35:00.000+0530",1200
"2024-11-22T15:40:00.000+0530",1325
"2024-11-22T15:45:00.000+0530",1225
"2024-11-22T15:50:00.000+0530",1203
"2024-11-22T15:55:00.000+0530",1339
"2024-11-22T16:00:00.000+0530",1479
"2024-11-22T16:05:00.000+0530",1269
"2024-11-22T16:10:00.000+0530",1431
"2024-11-22T16:15:00.000+0530",1437
"2024-11-22T16:20:00.000+0530",1334
"2024-11-22T16:25:00.000+0530",1468
"2024-11-22T16:30:00.000+0530",1454
"2024-11-22T16:35:00.000+0530",1204
"2024-11-22T16:40:00.000+0530",1317
"2024-11-22T16:45:00.000+0530",1285
"2024-11-22T16:50:00.000+0530",1258
"2024-11-22T16:55:00.000+0530",1235
"2024-11-22T17:00:00.000+0530",1323
"2024-11-22T17:05:00.000+0530",1107
"2024-11-22T17:10:00.000+0530",1084
"2024-11-22T17:15:00.000+0530",1098
"2024-11-22T17:20:00.000+0530",1026
"2024-11-22T17:25:00.000+0530",1258
"2024-11-22T17:30:00.000+0530",1286
"2024-11-22T17:35:00.000+0530",1380
"2024-11-22T17:40:00.000+0530",1358
"2024-11-22T17:45:00.000+0530",1254
"2024-11-22T17:50:00.000+0530",1347
"2024-11-22T17:55:00.000+0530",1515
"2024-11-22T18:00:00.000+0530",1543
"2024-11-22T18:05:00.000+0530",1447
"2024-11-22T18:10:00.000+0530",1691
"2024-11-22T18:15:00.000+0530",1621
"2024-11-22T18:20:00.000+0530",1713
"2024-11-22T18:25:00.000+0530",1633
"2024-11-22T18:30:00.000+0530",1662
"2024-11-22T18:35:00.000+0530",1513
"2024-11-22T18:40:00.000+0530",1497
"2024-11-22T18:45:00.000+0530",1690
"2024-11-22T18:50:00.000+0530",1610
"2024-11-22T18:55:00.000+0530",1817
"2024-11-22T19:00:00.000+0530",1743
"2024-11-22T19:05:00.000+0530",1570
"2024-11-22T19:10:00.000+0530",1642
"2024-11-22T19:15:00.000+0530",1772
"2024-11-22T19:20:00.000+0530",1960
"2024-11-22T19:25:00.000+0530",1858
"2024-11-22T19:30:00.000+0530",1858
"2024-11-22T19:35:00.000+0530",1733
"2024-11-22T19:40:00.000+0530",2055
"2024-11-22T19:45:00.000+0530",1887
"2024-11-22T19:50:00.000+0530",1944
"2024-11-22T19:55:00.000+0530",1960
"2024-11-22T20:00:00.000+0530",2183
"2024-11-22T20:05:00.000+0530",2128
"2024-11-22T20:10:00.000+0530",1987
"2024-11-22T20:15:00.000+0530",1882
"2024-11-22T20:20:00.000+0530",1886
"2024-11-22T20:25:00.000+0530",2171
"2024-11-22T20:30:00.000+0530",1715
"2024-11-22T20:35:00.000+0530",1660
"2024-11-22T20:40:00.000+0530",1624
"2024-11-22T20:45:00.000+0530",1998
"2024-11-22T20:50:00.000+0530",1970
"2024-11-22T20:55:00.000+0530",1853
"2024-11-22T21:00:00.000+0530",1879
"2024-11-22T21:05:00.000+0530",1522
"2024-11-22T21:10:00.000+0530",1485
"2024-11-22T21:15:00.000+0530",1887
"2024-11-22T21:20:00.000+0530",1796
"2024-11-22T21:25:00.000+0530",1655
"2024-11-22T21:30:00.000+0530",1650
"2024-11-22T21:35:00.000+0530",1641
"2024-11-22T21:40:00.000+0530",1518
"2024-11-22T21:45:00.000+0530",1418
"2024-11-22T21:50:00.000+0530",1524
"2024-11-22T21:55:00.000+0530",1707
"2024-11-22T22:00:00.000+0530",1613
"2024-11-22T22:05:00.000+0530",1668
"2024-11-22T22:10:00.000+0530",1634
"2024-11-22T22:15:00.000+0530",1500
"2024-11-22T22:20:00.000+0530",1335
"2024-11-22T22:25:00.000+0530",1375
"2024-11-22T22:30:00.000+0530",1299
"2024-11-22T22:35:00.000+0530",1280
"2024-11-22T22:40:00.000+0530",1376
"2024-11-22T22:45:00.000+0530",1446
"2024-11-22T22:50:00.000+0530",1460
"2024-11-22T22:55:00.000+0530",1446
"2024-11-22T23:00:00.000+0530",1496
"2024-11-22T23:05:00.000+0530",1360
"2024-11-22T23:10:00.000+0530",1188
"2024-11-22T23:15:00.000+0530",1164
"2024-11-22T23:20:00.000+0530",1431
"2024-11-22T23:25:00.000+0530",1440
"2024-11-22T23:30:00.000+0530",1238
"2024-11-22T23:35:00.000+0530",1181
"2024-11-22T23:40:00.000+0530",1185
"2024-11-22T23:45:00.000+0530",1262
"2024-11-22T23:50:00.000+0530",1265
"2024-11-22T23:55:00.000+0530",1326
"2024-11-23T00:00:00.000+0530",1217
"2024-11-23T00:05:00.000+0530",1329
"2024-11-23T00:10:00.000+0530",1361
"2024-11-23T00:15:00.000+0530",1376
"2024-11-23T00:20:00.000+0530",1263
"2024-11-23T00:25:00.000+0530",1357
"2024-11-23T00:30:00.000+0530",1101
"2024-11-23T00:35:00.000+0530",1260
"2024-11-23T00:40:00.000+0530",1407
"2024-11-23T00:45:00.000+0530",1533
"2024-11-23T00:50:00.000+0530",1307
"2024-11-23T00:55:00.000+0530",1516
"2024-11-23T01:00:00.000+0530",1315
"2024-11-23T01:05:00.000+0530",1406
"2024-11-23T01:10:00.000+0530",1270
"2024-11-23T01:15:00.000+0530",1301
"2024-11-23T01:20:00.000+0530",1400
"2024-11-23T01:25:00.000+0530",1418
"2024-11-23T01:30:00.000+0530",1547
"2024-11-23T01:35:00.000+0530",1266
"2024-11-23T01:40:00.000+0530",1375
"2024-11-23T01:45:00.000+0530",1412
"2024-11-23T01:50:00.000+0530",1277
"2024-11-23T01:55:00.000+0530",1473
"2024-11-23T02:00:00.000+0530",1461
"2024-11-23T02:05:00.000+0530",1315
"2024-11-23T02:10:00.000+0530",1131
"2024-11-23T02:15:00.000+0530",1075
"2024-11-23T02:20:00.000+0530",1009
"2024-11-23T02:25:00.000+0530",1143
"2024-11-23T02:30:00.000+0530",1234
"2024-11-23T02:35:00.000+0530",1089
"2024-11-23T02:40:00.000+0530",1158
"2024-11-23T02:45:00.000+0530",1143
"2024-11-23T02:50:00.000+0530",1081
"2024-11-23T02:55:00.000+0530",1094
"2024-11-23T03:00:00.000+0530",1165
"2024-11-23T03:05:00.000+0530",1264
"2024-11-23T03:10:00.000+0530",1084
"2024-11-23T03:15:00.000+0530",1040
"2024-11-23T03:20:00.000+0530",1071
"2024-11-23T03:25:00.000+0530",878
"2024-11-23T03:30:00.000+0530",811
"2024-11-23T03:35:00.000+0530",833
"2024-11-23T03:40:00.000+0530",715
"2024-11-23T03:45:00.000+0530",785
"2024-11-23T03:50:00.000+0530",746
"2024-11-23T03:55:00.000+0530",802
"2024-11-23T04:00:00.000+0530",827
"2024-11-23T04:05:00.000+0530",794
"2024-11-23T04:10:00.000+0530",667
"2024-11-23T04:15:00.000+0530",556
"2024-11-23T04:20:00.000+0530",586
"2024-11-23T04:25:00.000+0530",669
"2024-11-23T04:30:00.000+0530",624
"2024-11-23T04:35:00.000+0530",715
"2024-11-23T04:40:00.000+0530",600
"2024-11-23T04:45:00.000+0530",475
"2024-11-23T04:50:00.000+0530",508
"2024-11-23T04:55:00.000+0530",450
"2024-11-23T05:00:00.000+0530",522
"2024-11-23T05:05:00.000+0530",448
"2024-11-23T05:10:00.000+0530",406
"2024-11-23T05:15:00.000+0530",445
"2024-11-23T05:20:00.000+0530",314
"2024-11-23T05:25:00.000+0530",334
"2024-11-23T05:30:00.000+0530",351
"2024-11-23T05:35:00.000+0530",289
"2024-11-23T05:40:00.000+0530",277
"2024-11-23T05:45:00.000+0530",450
"2024-11-23T05:50:00.000+0530",313
"2024-11-23T05:55:00.000+0530",305
"2024-11-23T06:00:00.000+0530",388
"2024-11-23T06:05:00.000+0530",309
"2024-11-23T06:10:00.000+0530",285
"2024-11-23T06:15:00.000+0530",403
"2024-11-23T06:20:00.000+0530",238
"2024-11-23T06:25:00.000+0530",309
"2024-11-23T06:30:00.000+0530",245
"2024-11-23T06:35:00.000+0530",296
"2024-11-23T06:40:00.000+0530",247
"2024-11-23T06:45:00.000+0530",226
"2024-11-23T06:50:00.000+0530",282
"2024-11-23T06:55:00.000+0530",235
"2024-11-23T07:00:00.000+0530",258
"2024-11-23T07:05:00.000+0530",259
"2024-11-23T07:10:00.000+0530",217
"2024-11-23T07:15:00.000+0530",264
"2024-11-23T07:20:00.000+0530",219
"2024-11-23T07:25:00.000+0530",204
"2024-11-23T07:30:00.000+0530",152
"2024-11-23T07:35:00.000+0530",190
"2024-11-23T07:40:00.000+0530",179
"2024-11-23T07:45:00.000+0530",194
"2024-11-23T07:50:00.000+0530",151
"2024-11-23T07:55:00.000+0530",194
"2024-11-23T08:00:00.000+0530",134
"2024-11-23T08:05:00.000+0530",122
"2024-11-23T08:10:00.000+0530",153
"2024-11-23T08:15:00.000+0530",149
"2024-11-23T08:20:00.000+0530",178
"2024-11-23T08:25:00.000+0530",130
"2024-11-23T08:30:00.000+0530",133
"2024-11-23T08:35:00.000+0530",109
"2024-11-23T08:40:00.000+0530",130
"2024-11-23T08:45:00.000+0530",132
"2024-11-23T08:50:00.000+0530",173
"2024-11-23T08:55:00.000+0530",203
"2024-11-23T09:00:00.000+0530",160
"2024-11-23T09:05:00.000+0530",110
"2024-11-23T09:10:00.000+0530",91
"2024-11-23T09:15:00.000+0530",103
"2024-11-23T09:20:00.000+0530",171
"2024-11-23T09:25:00.000+0530",120
"2024-11-23T09:30:00.000+0530",102
"2024-11-23T09:35:00.000+0530",44
"2024-11-23T09:40:00.000+0530",60
"2024-11-23T09:45:00.000+0530",126
"2024-11-23T09:50:00.000+0530",98
"2024-11-23T09:55:00.000+0530",113
"2024-11-23T10:00:00.000+0530",72
"2024-11-23T10:05:00.000+0530",112
"2024-11-23T10:10:00.000+0530",115
"2024-11-23T10:15:00.000+0530",71
"2024-11-23T10:20:00.000+0530",131
"2024-11-23T10:25:00.000+0530",117
"2024-11-23T10:30:00.000+0530",151
"2024-11-23T10:35:00.000+0530",81
"2024-11-23T10:40:00.000+0530",70
"2024-11-23T10:45:00.000+0530",90
"2024-11-23T10:50:00.000+0530",114
"2024-11-23T10:55:00.000+0530",144
"2024-11-23T11:00:00.000+0530",38
"2024-11-23T11:05:00.000+0530",72
"2024-11-23T11:10:00.000+0530",66
"2024-11-23T11:15:00.000+0530",69
"2024-11-23T11:20:00.000+0530",66
"2024-11-23T11:25:00.000+0530",73
"2024-11-23T11:30:00.000+0530",45
"2024-11-23T11:35:00.000+0530",47
"2024-11-23T11:40:00.000+0530",60
"2024-11-23T11:45:00.000+0530",44
"2024-11-23T11:50:00.000+0530",58
"2024-11-23T11:55:00.000+0530",49
"2024-11-23T12:00:00.000+0530",55
"2024-11-23T12:05:00.000+0530",101
"2024-11-23T12:10:00.000+0530",68
"2024-11-23T12:15:00.000+0530",58
"2024-11-23T12:20:00.000+0530",52
"2024-11-23T12:25:00.000+0530",73
"2024-11-23T12:30:00.000+0530",37
"2024-11-23T12:35:00.000+0530",53
"2024-11-23T12:40:00.000+0530",70
"2024-11-23T12:45:00.000+0530",72
"2024-11-23T12:50:00.000+0530",64
"2024-11-23T12:55:00.000+0530",56
"2024-11-23T13:00:00.000+0530",35
"2024-11-23T13:05:00.000+0530",78
"2024-11-23T13:10:00.000+0530",37
"2024-11-23T13:15:00.000+0530",35
"2024-11-23T13:20:00.000+0530",32
"2024-11-23T13:25:00.000+0530",89
"2024-11-23T13:30:00.000+0530",81
"2024-11-23T13:35:00.000+0530",86
"2024-11-23T13:40:00.000+0530",54
"2024-11-23T13:45:00.000+0530",103
"2024-11-23T13:50:00.000+0530",69
"2024-11-23T13:55:00.000+0530",56
"2024-11-23T14:00:00.000+0530",45
"2024-11-23T14:05:00.000+0530",89
"2024-11-23T14:10:00.000+0530",61
"2024-11-23T14:15:00.000+0530",82
"2024-11-23T14:20:00.000+0530",49
"2024-11-23T14:25:00.000+0530",47
"2024-11-23T14:30:00.000+0530",90
"2024-11-23T14:35:00.000+0530",71
"2024-11-23T14:40:00.000+0530",85
"2024-11-23T14:45:00.000+0530",101
"2024-11-23T14:50:00.000+0530",97
"2024-11-23T14:55:00.000+0530",108
"2024-11-23T15:00:00.000+0530",72
"2024-11-23T15:05:00.000+0530",90
"2024-11-23T15:10:00.000+0530",51
"2024-11-23T15:15:00.000+0530",72
"2024-11-23T15:20:00.000+0530",71
"2024-11-23T15:25:00.000+0530",62
"2024-11-23T15:30:00.000+0530",118
"2024-11-23T15:35:00.000+0530",61
"2024-11-23T15:40:00.000+0530",101
"2024-11-23T15:45:00.000+0530",78
"2024-11-23T15:50:00.000+0530",75
"2024-11-23T15:55:00.000+0530",58
"2024-11-23T16:00:00.000+0530",58
"2024-11-23T16:05:00.000+0530",67
"2024-11-23T16:10:00.000+0530",74
"2024-11-23T16:15:00.000+0530",112
"2024-11-23T16:20:00.000+0530",147
"2024-11-23T16:25:00.000+0530",137
"2024-11-23T16:30:00.000+0530",51
"2024-11-23T16:35:00.000+0530",85
"2024-11-23T16:40:00.000+0530",74
"2024-11-23T16:45:00.000+0530",122
"2024-11-23T16:50:00.000+0530",110
"2024-11-23T16:55:00.000+0530",126
"2024-11-23T17:00:00.000+0530",68
"2024-11-23T17:05:00.000+0530",87
"2024-11-23T17:10:00.000+0530",73
"2024-11-23T17:15:00.000+0530",71
"2024-11-23T17:20:00.000+0530",88
"2024-11-23T17:25:00.000+0530",94
"2024-11-23T17:30:00.000+0530",74
"2024-11-23T17:35:00.000+0530",69
"2024-11-23T17:40:00.000+0530",95
"2024-11-23T17:45:00.000+0530",90
"2024-11-23T17:50:00.000+0530",89
"2024-11-23T17:55:00.000+0530",205
"2024-11-23T18:00:00.000+0530",175
"2024-11-23T18:05:00.000+0530",135
"2024-11-23T18:10:00.000+0530",107
"2024-11-23T18:15:00.000+0530",156
"2024-11-23T18:20:00.000+0530",84
"2024-11-23T18:25:00.000+0530",114
"2024-11-23T18:30:00.000+0530",177
"2024-11-23T18:35:00.000+0530",137
"2024-11-23T18:40:00.000+0530",164
"2024-11-23T18:45:00.000+0530",139
"2024-11-23T18:50:00.000+0530",95
"2024-11-23T18:55:00.000+0530",187
"2024-11-23T19:00:00.000+0530",205
"2024-11-23T19:05:00.000+0530",231
"2024-11-23T19:10:00.000+0530",170
"2024-11-23T19:15:00.000+0530",212
"2024-11-23T19:20:00.000+0530",210
"2024-11-23T19:25:00.000+0530",222
"2024-11-23T19:30:00.000+0530",194
"2024-11-23T19:35:00.000+0530",201
"2024-11-23T19:40:00.000+0530",246
"2024-11-23T19:45:00.000+0530",234
"2024-11-23T19:50:00.000+0530",210
"2024-11-23T19:55:00.000+0530",274
"2024-11-23T20:00:00.000+0530",298
"2024-11-23T20:05:00.000+0530",239
"2024-11-23T20:10:00.000+0530",197
"2024-11-23T20:15:00.000+0530",298
"2024-11-23T20:20:00.000+0530",200
"2024-11-23T20:25:00.000+0530",267
"2024-11-23T20:30:00.000+0530",223
"2024-11-23T20:35:00.000+0530",207
"2024-11-23T20:40:00.000+0530",181
"2024-11-23T20:45:00.000+0530",148
"2024-11-23T20:50:00.000+0530",83
"2024-11-23T20:55:00.000+0530",233
"2024-11-23T21:00:00.000+0530",217
"2024-11-23T21:05:00.000+0530",194
"2024-11-23T21:10:00.000+0530",195
"2024-11-23T21:15:00.000+0530",206
"2024-11-23T21:20:00.000+0530",242
"2024-11-23T21:25:00.000+0530",220
"2024-11-23T21:30:00.000+0530",220
"2024-11-23T21:35:00.000+0530",217
"2024-11-23T21:40:00.000+0530",233
"2024-11-23T21:45:00.000+0530",249
"2024-11-23T21:50:00.000+0530",232
"2024-11-23T21:55:00.000+0530",271
"2024-11-23T22:00:00.000+0530",282
"2024-11-23T22:05:00.000+0530",351
"2024-11-23T22:10:00.000+0530",281
"2024-11-23T22:15:00.000+0530",339
"2024-11-23T22:20:00.000+0530",283
"2024-11-23T22:25:00.000+0530",247
"2024-11-23T22:30:00.000+0530",300
"2024-11-23T22:35:00.000+0530",274
"2024-11-23T22:40:00.000+0530",237
"2024-11-23T22:45:00.000+0530",401
"2024-11-23T22:50:00.000+0530",291
"2024-11-23T22:55:00.000+0530",239
"2024-11-23T23:00:00.000+0530",221
"2024-11-23T23:05:00.000+0530",250
"2024-11-23T23:10:00.000+0530",272
"2024-11-23T23:15:00.000+0530",297
"2024-11-23T23:20:00.000+0530",267
"2024-11-23T23:25:00.000+0530",215
"2024-11-23T23:30:00.000+0530",288
"2024-11-23T23:35:00.000+0530",315
"2024-11-23T23:40:00.000+0530",296
"2024-11-23T23:45:00.000+0530",272
"2024-11-23T23:50:00.000+0530",232
"2024-11-23T23:55:00.000+0530",239
"2024-11-24T00:00:00.000+0530",234
"2024-11-24T00:05:00.000+0530",237
"2024-11-24T00:10:00.000+0530",221
"2024-11-24T00:15:00.000+0530",200
"2024-11-24T00:20:00.000+0530",240
"2024-11-24T00:25:00.000+0530",204
"2024-11-24T00:30:00.000+0530",217
"2024-11-24T00:35:00.000+0530",209
"2024-11-24T00:40:00.000+0530",205
"2024-11-24T00:45:00.000+0530",266
"2024-11-24T00:50:00.000+0530",260
"2024-11-24T00:55:00.000+0530",216
"2024-11-24T01:00:00.000+0530",210
"2024-11-24T01:05:00.000+0530",219
"2024-11-24T01:10:00.000+0530",228
"2024-11-24T01:15:00.000+0530",161
"2024-11-24T01:20:00.000+0530",161
"2024-11-24T01:25:00.000+0530",157
"2024-11-24T01:30:00.000+0530",250
"2024-11-24T01:35:00.000+0530",195
"2024-11-24T01:40:00.000+0530",259
"2024-11-24T01:45:00.000+0530",209
"2024-11-24T01:50:00.000+0530",145
"2024-11-24T01:55:00.000+0530",214
"2024-11-24T02:00:00.000+0530",220
"2024-11-24T02:05:00.000+0530",182
"2024-11-24T02:10:00.000+0530",222
"2024-11-24T02:15:00.000+0530",213
"2024-11-24T02:20:00.000+0530",224
"2024-11-24T02:25:00.000+0530",187
"2024-11-24T02:30:00.000+0530",207
"2024-11-24T02:35:00.000+0530",313
"2024-11-24T02:40:00.000+0530",264
"2024-11-24T02:45:00.000+0530",201
"2024-11-24T02:50:00.000+0530",246
"2024-11-24T02:55:00.000+0530",241
"2024-11-24T03:00:00.000+0530",232
"2024-11-24T03:05:00.000+0530",234
"2024-11-24T03:10:00.000+0530",233
"2024-11-24T03:15:00.000+0530",235
"2024-11-24T03:20:00.000+0530",250
"2024-11-24T03:25:00.000+0530",184
"2024-11-24T03:30:00.000+0530",201
"2024-11-24T03:35:00.000+0530",256
"2024-11-24T03:40:00.000+0530",213
"2024-11-24T03:45:00.000+0530",269
"2024-11-24T03:50:00.000+0530",174
"2024-11-24T03:55:00.000+0530",199
"2024-11-24T04:00:00.000+0530",189
"2024-11-24T04:05:00.000+0530",161
"2024-11-24T04:10:00.000+0530",131
"2024-11-24T04:15:00.000+0530",177
"2024-11-24T04:20:00.000+0530",132
"2024-11-24T04:25:00.000+0530",144
"2024-11-24T04:30:00.000+0530",195
"2024-11-24T04:35:00.000+0530",214
"2024-11-24T04:40:00.000+0530",178
"2024-11-24T04:45:00.000+0530",160
"2024-11-24T04:50:00.000+0530",124
"2024-11-24T04:55:00.000+0530",209
"2024-11-24T05:00:00.000+0530",169
"2024-11-24T05:05:00.000+0530",181
"2024-11-24T05:10:00.000+0530",205
"2024-11-24T05:15:00.000+0530",169
"2024-11-24T05:20:00.000+0530",161
"2024-11-24T05:25:00.000+0530",222
"2024-11-24T05:30:00.000+0530",168
"2024-11-24T05:35:00.000+0530",181
"2024-11-24T05:40:00.000+0530",204
"2024-11-24T05:45:00.000+0530",177
"2024-11-24T05:50:00.000+0530",126
"2024-11-24T05:55:00.000+0530",218
"2024-11-24T06:00:00.000+0530",213
"2024-11-24T06:05:00.000+0530",135
"2024-11-24T06:10:00.000+0530",155
"2024-11-24T06:15:00.000+0530",164
"2024-11-24T06:20:00.000+0530",118
"2024-11-24T06:25:00.000+0530",191
"2024-11-24T06:30:00.000+0530",232
"2024-11-24T06:35:00.000+0530",124
"2024-11-24T06:40:00.000+0530",160
"2024-11-24T06:45:00.000+0530",139
"2024-11-24T06:50:00.000+0530",102
"2024-11-24T06:55:00.000+0530",134
"2024-11-24T07:00:00.000+0530",86
"2024-11-24T07:05:00.000+0530",149
"2024-11-24T07:10:00.000+0530",121
"2024-11-24T07:15:00.000+0530",132
"2024-11-24T07:20:00.000+0530",118
"2024-11-24T07:25:00.000+0530",148
"2024-11-24T07:30:00.000+0530",121
"2024-11-24T07:35:00.000+0530",129
"2024-11-24T07:40:00.000+0530",152
"2024-11-24T07:45:00.000+0530",116
"2024-11-24T07:50:00.000+0530",109
"2024-11-24T07:55:00.000+0530",111
"2024-11-24T08:00:00.000+0530",94
"2024-11-24T08:05:00.000+0530",137
"2024-11-24T08:10:00.000+0530",100
"2024-11-24T08:15:00.000+0530",150
"2024-11-24T08:20:00.000+0530",162
"2024-11-24T08:25:00.000+0530",132
"2024-11-24T08:30:00.000+0530",123
"2024-11-24T08:35:00.000+0530",134
"2024-11-24T08:40:00.000+0530",88
"2024-11-24T08:45:00.000+0530",226
"2024-11-24T08:50:00.000+0530",147
"2024-11-24T08:55:00.000+0530",117
"2024-11-24T09:00:00.000+0530",158
"2024-11-24T09:05:00.000+0530",126
"2024-11-24T09:10:00.000+0530",104
"2024-11-24T09:15:00.000+0530",71
"2024-11-24T09:20:00.000+0530",74
"2024-11-24T09:25:00.000+0530",120
"2024-11-24T09:30:00.000+0530",117
"2024-11-24T09:35:00.000+0530",117
"2024-11-24T09:40:00.000+0530",126
"2024-11-24T09:45:00.000+0530",116
"2024-11-24T09:50:00.000+0530",102
"2024-11-24T09:55:00.000+0530",106
"2024-11-24T10:00:00.000+0530",64
"2024-11-24T10:05:00.000+0530",181
"2024-11-24T10:10:00.000+0530",98
"2024-11-24T10:15:00.000+0530",129
"2024-11-24T10:20:00.000+0530",77
"2024-11-24T10:25:00.000+0530",78
"2024-11-24T10:30:00.000+0530",36
"2024-11-24T10:35:00.000+0530",85
"2024-11-24T10:40:00.000+0530",78
"2024-11-24T10:45:00.000+0530",72
"2024-11-24T10:50:00.000+0530",62
"2024-11-24T10:55:00.000+0530",69
"2024-11-24T11:00:00.000+0530",70
"2024-11-24T11:05:00.000+0530",88
"2024-11-24T11:10:00.000+0530",70
"2024-11-24T11:15:00.000+0530",78
"2024-11-24T11:20:00.000+0530",91
"2024-11-24T11:25:00.000+0530",85
"2024-11-24T11:30:00.000+0530",94
"2024-11-24T11:35:00.000+0530",46
"2024-11-24T11:40:00.000+0530",50
"2024-11-24T11:45:00.000+0530",62
"2024-11-24T11:50:00.000+0530",71
"2024-11-24T11:55:00.000+0530",54
"2024-11-24T12:00:00.000+0530",43
"2024-11-24T12:05:00.000+0530",50
"2024-11-24T12:10:00.000+0530",48
"2024-11-24T12:15:00.000+0530",72
"2024-11-24T12:20:00.000+0530",54
"2024-11-24T12:25:00.000+0530",66
"2024-11-24T12:30:00.000+0530",61
"2024-11-24T12:35:00.000+0530",53
"2024-11-24T12:40:00.000+0530",52
"2024-11-24T12:45:00.000+0530",49
"2024-11-24T12:50:00.000+0530",80
"2024-11-24T12:55:00.000+0530",48
"2024-11-24T13:00:00.000+0530",44
"2024-11-24T13:05:00.000+0530",39
"2024-11-24T13:10:00.000+0530",47
"2024-11-24T13:15:00.000+0530",79
"2024-11-24T13:20:00.000+0530",46
"2024-11-24T13:25:00.000+0530",37
"2024-11-24T13:30:00.000+0530",48
"2024-11-24T13:35:00.000+0530",35
"2024-11-24T13:40:00.000+0530",37
"2024-11-24T13:45:00.000+0530",53
"2024-11-24T13:50:00.000+0530",37
"2024-11-24T13:55:00.000+0530",34
"2024-11-24T14:00:00.000+0530",41
"2024-11-24T14:05:00.000+0530",56
"2024-11-24T14:10:00.000+0530",29
"2024-11-24T14:15:00.000+0530",45
"2024-11-24T14:20:00.000+0530",60
"2024-11-24T14:25:00.000+0530",97
"2024-11-24T14:30:00.000+0530",74
"2024-11-24T14:35:00.000+0530",114
"2024-11-24T14:40:00.000+0530",88
"2024-11-24T14:45:00.000+0530",105
"2024-11-24T14:50:00.000+0530",115
"2024-11-24T14:55:00.000+0530",61
"2024-11-24T15:00:00.000+0530",85
"2024-11-24T15:05:00.000+0530",85
"2024-11-24T15:10:00.000+0530",138
"2024-11-24T15:15:00.000+0530",136
"2024-11-24T15:20:00.000+0530",135
"2024-11-24T15:25:00.000+0530",112
"2024-11-24T15:30:00.000+0530",99
"2024-11-24T15:35:00.000+0530",119
"2024-11-24T15:40:00.000+0530",105
"2024-11-24T15:45:00.000+0530",83
"2024-11-24T15:50:00.000+0530",50
"2024-11-24T15:55:00.000+0530",63
"2024-11-24T16:00:00.000+0530",87
"2024-11-24T16:05:00.000+0530",78
"2024-11-24T16:10:00.000+0530",104
"2024-11-24T16:15:00.000+0530",113
"2024-11-24T16:20:00.000+0530",68
"2024-11-24T16:25:00.000+0530",127
"2024-11-24T16:30:00.000+0530",120
"2024-11-24T16:35:00.000+0530",72
"2024-11-24T16:40:00.000+0530",100
"2024-11-24T16:45:00.000+0530",78
"2024-11-24T16:50:00.000+0530",119
"2024-11-24T16:55:00.000+0530",91
"2024-11-24T17:00:00.000+0530",99
"2024-11-24T17:05:00.000+0530",102
"2024-11-24T17:10:00.000+0530",144
"2024-11-24T17:15:00.000+0530",133
"2024-11-24T17:20:00.000+0530",103
"2024-11-24T17:25:00.000+0530",120
"2024-11-24T17:30:00.000+0530",122
"2024-11-24T17:35:00.000+0530",110
"2024-11-24T17:40:00.000+0530",143
"2024-11-24T17:45:00.000+0530",151
"2024-11-24T17:50:00.000+0530",129
"2024-11-24T17:55:00.000+0530",138
"2024-11-24T18:00:00.000+0530",91
"2024-11-24T18:05:00.000+0530",106
"2024-11-24T18:10:00.000+0530",105
"2024-11-24T18:15:00.000+0530",140
"2024-11-24T18:20:00.000+0530",200
"2024-11-24T18:25:00.000+0530",139
"2024-11-24T18:30:00.000+0530",186
"2024-11-24T18:35:00.000+0530",171
"2024-11-24T18:40:00.000+0530",170
"2024-11-24T18:45:00.000+0530",211
"2024-11-24T18:50:00.000+0530",167
"2024-11-24T18:55:00.000+0530",187
"2024-11-24T19:00:00.000+0530",290
"2024-11-24T19:05:00.000+0530",235
"2024-11-24T19:10:00.000+0530",311
"2024-11-24T19:15:00.000+0530",180
"2024-11-24T19:20:00.000+0530",172
"2024-11-24T19:25:00.000+0530",121
"2024-11-24T19:30:00.000+0530",177
"2024-11-24T19:35:00.000+0530",178
"2024-11-24T19:40:00.000+0530",155
"2024-11-24T19:45:00.000+0530",187
"2024-11-24T19:50:00.000+0530",163
"2024-11-24T19:55:00.000+0530",158
"2024-11-24T20:00:00.000+0530",235
"2024-11-24T20:05:00.000+0530",215
"2024-11-24T20:10:00.000+0530",315
"2024-11-24T20:15:00.000+0530",276
"2024-11-24T20:20:00.000+0530",260
"2024-11-24T20:25:00.000+0530",276
"2024-11-24T20:30:00.000+0530",355
"2024-11-24T20:35:00.000+0530",245
"2024-11-24T20:40:00.000+0530",250
"2024-11-24T20:45:00.000+0530",285
"2024-11-24T20:50:00.000+0530",298
"2024-11-24T20:55:00.000+0530",267
"2024-11-24T21:00:00.000+0530",311
"2024-11-24T21:05:00.000+0530",197
"2024-11-24T21:10:00.000+0530",232
"2024-11-24T21:15:00.000+0530",230
"2024-11-24T21:20:00.000+0530",199
"2024-11-24T21:25:00.000+0530",197
"2024-11-24T21:30:00.000+0530",229
"2024-11-24T21:35:00.000+0530",268
"2024-11-24T21:40:00.000+0530",366
"2024-11-24T21:45:00.000+0530",387
"2024-11-24T21:50:00.000+0530",306
"2024-11-24T21:55:00.000+0530",281
"2024-11-24T22:00:00.000+0530",417
"2024-11-24T22:05:00.000+0530",298
"2024-11-24T22:10:00.000+0530",328
"2024-11-24T22:15:00.000+0530",354
"2024-11-24T22:20:00.000+0530",274
"2024-11-24T22:25:00.000+0530",364
"2024-11-24T22:30:00.000+0530",395
"2024-11-24T22:35:00.000+0530",297
"2024-11-24T22:40:00.000+0530",296
"2024-11-24T22:45:00.000+0530",340
"2024-11-24T22:50:00.000+0530",321
"2024-11-24T22:55:00.000+0530",350
"2024-11-24T23:00:00.000+0530",342
"2024-11-24T23:05:00.000+0530",286
"2024-11-24T23:10:00.000+0530",215
"2024-11-24T23:15:00.000+0530",245
"2024-11-24T23:20:00.000+0530",274
"2024-11-24T23:25:00.000+0530",325
"2024-11-24T23:30:00.000+0530",310
"2024-11-24T23:35:00.000+0530",314
"2024-11-24T23:40:00.000+0530",251
"2024-11-24T23:45:00.000+0530",414
"2024-11-24T23:50:00.000+0530",288
"2024-11-24T23:55:00.000+0530",308
"2024-11-25T00:00:00.000+0530",249
"2024-11-25T00:05:00.000+0530",275
"2024-11-25T00:10:00.000+0530",292
"2024-11-25T00:15:00.000+0530",286
"2024-11-25T00:20:00.000+0530",186
"2024-11-25T00:25:00.000+0530",333
"2024-11-25T00:30:00.000+0530",280
"2024-11-25T00:35:00.000+0530",201
"2024-11-25T00:40:00.000+0530",246
"2024-11-25T00:45:00.000+0530",416
"2024-11-25T00:50:00.000+0530",426
"2024-11-25T00:55:00.000+0530",398
"2024-11-25T01:00:00.000+0530",375
"2024-11-25T01:05:00.000+0530",316
"2024-11-25T01:10:00.000+0530",300
"2024-11-25T01:15:00.000+0530",283
"2024-11-25T01:20:00.000+0530",314
"2024-11-25T01:25:00.000+0530",272
"2024-11-25T01:30:00.000+0530",313
"2024-11-25T01:35:00.000+0530",343
"2024-11-25T01:40:00.000+0530",205
"2024-11-25T01:45:00.000+0530",252
"2024-11-25T01:50:00.000+0530",255
"2024-11-25T01:55:00.000+0530",296
"2024-11-25T02:00:00.000+0530",260
"2024-11-25T02:05:00.000+0530",397
"2024-11-25T02:10:00.000+0530",288
"2024-11-25T02:15:00.000+0530",356
"2024-11-25T02:20:00.000+0530",297
"2024-11-25T02:25:00.000+0530",343
"2024-11-25T02:30:00.000+0530",392
"2024-11-25T02:35:00.000+0530",333
"2024-11-25T02:40:00.000+0530",234
"2024-11-25T02:45:00.000+0530",256
"2024-11-25T02:50:00.000+0530",247
"2024-11-25T02:55:00.000+0530",310
"2024-11-25T03:00:00.000+0530",381
"2024-11-25T03:05:00.000+0530",345
"2024-11-25T03:10:00.000+0530",353
"2024-11-25T03:15:00.000+0530",455
"2024-11-25T03:20:00.000+0530",423
"2024-11-25T03:25:00.000+0530",350
"2024-11-25T03:30:00.000+0530",280
"2024-11-25T03:35:00.000+0530",293
"2024-11-25T03:40:00.000+0530",249
"2024-11-25T03:45:00.000+0530",391
"2024-11-25T03:50:00.000+0530",292
"2024-11-25T03:55:00.000+0530",489
"2024-11-25T04:00:00.000+0530",353
"2024-11-25T04:05:00.000+0530",361
"2024-11-25T04:10:00.000+0530",373
"2024-11-25T04:15:00.000+0530",409
"2024-11-25T04:20:00.000+0530",273
"2024-11-25T04:25:00.000+0530",251
"2024-11-25T04:30:00.000+0530",396
"2024-11-25T04:35:00.000+0530",336
"2024-11-25T04:40:00.000+0530",234
"2024-11-25T04:45:00.000+0530",244
"2024-11-25T04:50:00.000+0530",323
"2024-11-25T04:55:00.000+0530",262
"2024-11-25T05:00:00.000+0530",255
"2024-11-25T05:05:00.000+0530",354
"2024-11-25T05:10:00.000+0530",196
"2024-11-25T05:15:00.000+0530",218
"2024-11-25T05:20:00.000+0530",205
"2024-11-25T05:25:00.000+0530",239
"2024-11-25T05:30:00.000+0530",168
"2024-11-25T05:35:00.000+0530",165
"2024-11-25T05:40:00.000+0530",274
"2024-11-25T05:45:00.000+0530",196
"2024-11-25T05:50:00.000+0530",211
"2024-11-25T05:55:00.000+0530",287
"2024-11-25T06:00:00.000+0530",228
"2024-11-25T06:05:00.000+0530",227
"2024-11-25T06:10:00.000+0530",212
"2024-11-25T06:15:00.000+0530",217
"2024-11-25T06:20:00.000+0530",262
"2024-11-25T06:25:00.000+0530",197
"2024-11-25T06:30:00.000+0530",194
"2024-11-25T06:35:00.000+0530",221
"2024-11-25T06:40:00.000+0530",171
"2024-11-25T06:45:00.000+0530",202
"2024-11-25T06:50:00.000+0530",176
"2024-11-25T06:55:00.000+0530",208
"2024-11-25T07:00:00.000+0530",227
"2024-11-25T07:05:00.000+0530",267
"2024-11-25T07:10:00.000+0530",242
"2024-11-25T07:15:00.000+0530",234
"2024-11-25T07:20:00.000+0530",330
"2024-11-25T07:25:00.000+0530",176
"2024-11-25T07:30:00.000+0530",209
"2024-11-25T07:35:00.000+0530",255
"2024-11-25T07:40:00.000+0530",266
"2024-11-25T07:45:00.000+0530",276
"2024-11-25T07:50:00.000+0530",217
"2024-11-25T07:55:00.000+0530",279
"2024-11-25T08:00:00.000+0530",285
"2024-11-25T08:05:00.000+0530",316
"2024-11-25T08:10:00.000+0530",276
"2024-11-25T08:15:00.000+0530",351
"2024-11-25T08:20:00.000+0530",303
"2024-11-25T08:25:00.000+0530",187
"2024-11-25T08:30:00.000+0530",258
"2024-11-25T08:35:00.000+0530",218
"2024-11-25T08:40:00.000+0530",306
"2024-11-25T08:45:00.000+0530",202
"2024-11-25T08:50:00.000+0530",211
"2024-11-25T08:55:00.000+0530",233
"2024-11-25T09:00:00.000+0530",143
"2024-11-25T09:05:00.000+0530",300
"2024-11-25T09:10:00.000+0530",258
"2024-11-25T09:15:00.000+0530",189
"2024-11-25T09:20:00.000+0530",237
"2024-11-25T09:25:00.000+0530",283
"2024-11-25T09:30:00.000+0530",185
"2024-11-25T09:35:00.000+0530",214
"2024-11-25T09:40:00.000+0530",177
"2024-11-25T09:45:00.000+0530",249
"2024-11-25T09:50:00.000+0530",179
"2024-11-25T09:55:00.000+0530",174
"2024-11-25T10:00:00.000+0530",148
"2024-11-25T10:05:00.000+0530",230
"2024-11-25T10:10:00.000+0530",128
"2024-11-25T10:15:00.000+0530",213
"2024-11-25T10:20:00.000+0530",252
"2024-11-25T10:25:00.000+0530",162
"2024-11-25T10:30:00.000+0530",182
"2024-11-25T10:35:00.000+0530",253
"2024-11-25T10:40:00.000+0530",240
"2024-11-25T10:45:00.000+0530",237
"2024-11-25T10:50:00.000+0530",237
"2024-11-25T10:55:00.000+0530",235
"2024-11-25T11:00:00.000+0530",200
"2024-11-25T11:05:00.000+0530",135
"2024-11-25T11:10:00.000+0530",239
"2024-11-25T11:15:00.000+0530",169
"2024-11-25T11:20:00.000+0530",216
"2024-11-25T11:25:00.000+0530",157
"2024-11-25T11:30:00.000+0530",196
"2024-11-25T11:35:00.000+0530",243
"2024-11-25T11:40:00.000+0530",225
"2024-11-25T11:45:00.000+0530",199
"2024-11-25T11:50:00.000+0530",217
"2024-11-25T11:55:00.000+0530",260
"2024-11-25T12:00:00.000+0530",246
"2024-11-25T12:05:00.000+0530",363
"2024-11-25T12:10:00.000+0530",280
"2024-11-25T12:15:00.000+0530",327
"2024-11-25T12:20:00.000+0530",273
"2024-11-25T12:25:00.000+0530",290
"2024-11-25T12:30:00.000+0530",237
"2024-11-25T12:35:00.000+0530",231
"2024-11-25T12:40:00.000+0530",371
"2024-11-25T12:45:00.000+0530",373
"2024-11-25T12:50:00.000+0530",409
"2024-11-25T12:55:00.000+0530",532
"2024-11-25T13:00:00.000+0530",412
"2024-11-25T13:05:00.000+0530",632
"2024-11-25T13:10:00.000+0530",631
"2024-11-25T13:15:00.000+0530",565
"2024-11-25T13:20:00.000+0530",610
"2024-11-25T13:25:00.000+0530",641
"2024-11-25T13:30:00.000+0530",600
"2024-11-25T13:35:00.000+0530",491
"2024-11-25T13:40:00.000+0530",666
"2024-11-25T13:45:00.000+0530",687
"2024-11-25T13:50:00.000+0530",802
"2024-11-25T13:55:00.000+0530",794
"2024-11-25T14:00:00.000+0530",715
"2024-11-25T14:05:00.000+0530",742
"2024-11-25T14:10:00.000+0530",779
"2024-11-25T14:15:00.000+0530",619
"2024-11-25T14:20:00.000+0530",831
"2024-11-25T14:25:00.000+0530",900
"2024-11-25T14:30:00.000+0530",997
"2024-11-25T14:35:00.000+0530",835
"2024-11-25T14:40:00.000+0530",1015
"2024-11-25T14:45:00.000+0530",994
"2024-11-25T14:50:00.000+0530",934
"2024-11-25T14:55:00.000+0530",1012
"2024-11-25T15:00:00.000+0530",1136
"2024-11-25T15:05:00.000+0530",1169
"2024-11-25T15:10:00.000+0530",1189
"2024-11-25T15:15:00.000+0530",1302
"2024-11-25T15:20:00.000+0530",1124
"2024-11-25T15:25:00.000+0530",1345
"2024-11-25T15:30:00.000+0530",1188
"2024-11-25T15:35:00.000+0530",1329
"2024-11-25T15:40:00.000+0530",1226
"2024-11-25T15:45:00.000+0530",1302
"2024-11-25T15:50:00.000+0530",1144
"2024-11-25T15:55:00.000+0530",1246
"2024-11-25T16:00:00.000+0530",1100
"2024-11-25T16:05:00.000+0530",1086
"2024-11-25T16:10:00.000+0530",1189
"2024-11-25T16:15:00.000+0530",1124
"2024-11-25T16:20:00.000+0530",1394
"2024-11-25T16:25:00.000+0530",1175
"2024-11-25T16:30:00.000+0530",1273
"2024-11-25T16:35:00.000+0530",1100
"2024-11-25T16:40:00.000+0530",1165
"2024-11-25T16:45:00.000+0530",1146
"2024-11-25T16:50:00.000+0530",1247
"2024-11-25T16:55:00.000+0530",1409
"2024-11-25T17:00:00.000+0530",1172
"2024-11-25T17:05:00.000+0530",1193
"2024-11-25T17:10:00.000+0530",1350
"2024-11-25T17:15:00.000+0530",1306
"2024-11-25T17:20:00.000+0530",1355
"2024-11-25T17:25:00.000+0530",1368
"2024-11-25T17:30:00.000+0530",1288
"2024-11-25T17:35:00.000+0530",1397
"2024-11-25T17:40:00.000+0530",1279
"2024-11-25T17:45:00.000+0530",1353
"2024-11-25T17:50:00.000+0530",1192
"2024-11-25T17:55:00.000+0530",1223
"2024-11-25T18:00:00.000+0530",1337
"2024-11-25T18:05:00.000+0530",1239
"2024-11-25T18:10:00.000+0530",1332
"2024-11-25T18:15:00.000+0530",1470
"2024-11-25T18:20:00.000+0530",1508
"2024-11-25T18:25:00.000+0530",1557
"2024-11-25T18:30:00.000+0530",1429
"2024-11-25T18:35:00.000+0530",1587
"2024-11-25T18:40:00.000+0530",1294
"2024-11-25T18:45:00.000+0530",1421
"2024-11-25T18:50:00.000+0530",1366
"2024-11-25T18:55:00.000+0530",1502
"2024-11-25T19:00:00.000+0530",1697
"2024-11-25T19:05:00.000+0530",1775
"2024-11-25T19:10:00.000+0530",1801
"2024-11-25T19:15:00.000+0530",2063
"2024-11-25T19:20:00.000+0530",1773
"2024-11-25T19:25:00.000+0530",2144
"2024-11-25T19:30:00.000+0530",2024
"2024-11-25T19:35:00.000+0530",2021
"2024-11-25T19:40:00.000+0530",2105
"2024-11-25T19:45:00.000+0530",1959
"2024-11-25T19:50:00.000+0530",1913
"2024-11-25T19:55:00.000+0530",2169
"2024-11-25T20:00:00.000+0530",1911
"2024-11-25T20:05:00.000+0530",2149
"2024-11-25T20:10:00.000+0530",2028
"2024-11-25T20:15:00.000+0530",2248
"2024-11-25T20:20:00.000+0530",2300
"2024-11-25T20:25:00.000+0530",2178
"2024-11-25T20:30:00.000+0530",2140
"2024-11-25T20:35:00.000+0530",2138
"2024-11-25T20:40:00.000+0530",2133
"2024-11-25T20:45:00.000+0530",2021
"2024-11-25T20:50:00.000+0530",2188
"2024-11-25T20:55:00.000+0530",2391
"2024-11-25T21:00:00.000+0530",2297
"2024-11-25T21:05:00.000+0530",2346
"2024-11-25T21:10:00.000+0530",2260
"2024-11-25T21:15:00.000+0530",2231
"2024-11-25T21:20:00.000+0530",2358
"2024-11-25T21:25:00.000+0530",2333
"2024-11-25T21:30:00.000+0530",1987
"2024-11-25T21:35:00.000+0530",2168
"2024-11-25T21:40:00.000+0530",1873
"2024-11-25T21:45:00.000+0530",1795
"2024-11-25T21:50:00.000+0530",1859
"2024-11-25T21:55:00.000+0530",1872
"2024-11-25T22:00:00.000+0530",2050
"2024-11-25T22:05:00.000+0530",2084
"2024-11-25T22:10:00.000+0530",1889
"2024-11-25T22:15:00.000+0530",1836
"2024-11-25T22:20:00.000+0530",1871
"2024-11-25T22:25:00.000+0530",1929
"2024-11-25T22:30:00.000+0530",1746
"2024-11-25T22:35:00.000+0530",1648
"2024-11-25T22:40:00.000+0530",1713
"2024-11-25T22:45:00.000+0530",1912
"2024-11-25T22:50:00.000+0530",1732
"2024-11-25T22:55:00.000+0530",1685
"2024-11-25T23:00:00.000+0530",1366
"2024-11-25T23:05:00.000+0530",1571
"2024-11-25T23:10:00.000+0530",1620
"2024-11-25T23:15:00.000+0530",1653
"2024-11-25T23:20:00.000+0530",1537
"2024-11-25T23:25:00.000+0530",1580
"2024-11-25T23:30:00.000+0530",1776
"2024-11-25T23:35:00.000+0530",1744
"2024-11-25T23:40:00.000+0530",1656
"2024-11-25T23:45:00.000+0530",1462
"2024-11-25T23:50:00.000+0530",1575
"2024-11-25T23:55:00.000+0530",1616
"2024-11-26T00:00:00.000+0530",1479
"2024-11-26T00:05:00.000+0530",1734
"2024-11-26T00:10:00.000+0530",1602
"2024-11-26T00:15:00.000+0530",1614
"2024-11-26T00:20:00.000+0530",1665
"2024-11-26T00:25:00.000+0530",1556
"2024-11-26T00:30:00.000+0530",1773
"2024-11-26T00:35:00.000+0530",1445
"2024-11-26T00:40:00.000+0530",1604
"2024-11-26T00:45:00.000+0530",1742
"2024-11-26T00:50:00.000+0530",1736
"2024-11-26T00:55:00.000+0530",1457
"2024-11-26T01:00:00.000+0530",1648
"2024-11-26T01:05:00.000+0530",1418
"2024-11-26T01:10:00.000+0530",1478
"2024-11-26T01:15:00.000+0530",1498
"2024-11-26T01:20:00.000+0530",1602
"2024-11-26T01:25:00.000+0530",1406
"2024-11-26T01:30:00.000+0530",1458
"2024-11-26T01:35:00.000+0530",1493
"2024-11-26T01:40:00.000+0530",1535
"2024-11-26T01:45:00.000+0530",1552
"2024-11-26T01:50:00.000+0530",1619
"2024-11-26T01:55:00.000+0530",1436
"2024-11-26T02:00:00.000+0530",1442
"2024-11-26T02:05:00.000+0530",1579
"2024-11-26T02:10:00.000+0530",1815
"2024-11-26T02:15:00.000+0530",1624
"2024-11-26T02:20:00.000+0530",1501
"2024-11-26T02:25:00.000+0530",1606
"2024-11-26T02:30:00.000+0530",1487
"2024-11-26T02:35:00.000+0530",1392
"2024-11-26T02:40:00.000+0530",1525
"2024-11-26T02:45:00.000+0530",1523
"2024-11-26T02:50:00.000+0530",1520
"2024-11-26T02:55:00.000+0530",1400
"2024-11-26T03:00:00.000+0530",1485
"2024-11-26T03:05:00.000+0530",1427
"2024-11-26T03:10:00.000+0530",1210
"2024-11-26T03:15:00.000+0530",1336
"2024-11-26T03:20:00.000+0530",1224
"2024-11-26T03:25:00.000+0530",1219
"2024-11-26T03:30:00.000+0530",1134
"2024-11-26T03:35:00.000+0530",1099
"2024-11-26T03:40:00.000+0530",1024
"2024-11-26T03:45:00.000+0530",978
"2024-11-26T03:50:00.000+0530",988
"2024-11-26T03:55:00.000+0530",890
"2024-11-26T04:00:00.000+0530",953
"2024-11-26T04:05:00.000+0530",1101
"2024-11-26T04:10:00.000+0530",1039
"2024-11-26T04:15:00.000+0530",883
"2024-11-26T04:20:00.000+0530",911
"2024-11-26T04:25:00.000+0530",812
"2024-11-26T04:30:00.000+0530",838
"2024-11-26T04:35:00.000+0530",816
"2024-11-26T04:40:00.000+0530",789
"2024-11-26T04:45:00.000+0530",786
"2024-11-26T04:50:00.000+0530",747
"2024-11-26T04:55:00.000+0530",722
"2024-11-26T05:00:00.000+0530",685
"2024-11-26T05:05:00.000+0530",742
"2024-11-26T05:10:00.000+0530",654
"2024-11-26T05:15:00.000+0530",642
"2024-11-26T05:20:00.000+0530",565
"2024-11-26T05:25:00.000+0530",562
"2024-11-26T05:30:00.000+0530",517
"2024-11-26T05:35:00.000+0530",543
"2024-11-26T05:40:00.000+0530",437
"2024-11-26T05:45:00.000+0530",530
"2024-11-26T05:50:00.000+0530",448
"2024-11-26T05:55:00.000+0530",474
"2024-11-26T06:00:00.000+0530",490
"2024-11-26T06:05:00.000+0530",438
"2024-11-26T06:10:00.000+0530",527
"2024-11-26T06:15:00.000+0530",362
"2024-11-26T06:20:00.000+0530",402
"2024-11-26T06:25:00.000+0530",395
"2024-11-26T06:30:00.000+0530",419
"2024-11-26T06:35:00.000+0530",461
"2024-11-26T06:40:00.000+0530",475
"2024-11-26T06:45:00.000+0530",513
"2024-11-26T06:50:00.000+0530",450
"2024-11-26T06:55:00.000+0530",459
"2024-11-26T07:00:00.000+0530",374
"2024-11-26T07:05:00.000+0530",500
"2024-11-26T07:10:00.000+0530",353
"2024-11-26T07:15:00.000+0530",428
"2024-11-26T07:20:00.000+0530",314
"2024-11-26T07:25:00.000+0530",440
"2024-11-26T07:30:00.000+0530",275
"2024-11-26T07:35:00.000+0530",267
"2024-11-26T07:40:00.000+0530",338
"2024-11-26T07:45:00.000+0530",379
"2024-11-26T07:50:00.000+0530",352
"2024-11-26T07:55:00.000+0530",324
"2024-11-26T08:00:00.000+0530",302
"2024-11-26T08:05:00.000+0530",355
"2024-11-26T08:10:00.000+0530",364
"2024-11-26T08:15:00.000+0530",367
"2024-11-26T08:20:00.000+0530",369
"2024-11-26T08:25:00.000+0530",456
"2024-11-26T08:30:00.000+0530",302
"2024-11-26T08:35:00.000+0530",306
"2024-11-26T08:40:00.000+0530",322
"2024-11-26T08:45:00.000+0530",370
"2024-11-26T08:50:00.000+0530",334
"2024-11-26T08:55:00.000+0530",234
"2024-11-26T09:00:00.000+0530",293
"2024-11-26T09:05:00.000+0530",324
"2024-11-26T09:10:00.000+0530",297
"2024-11-26T09:15:00.000+0530",290
"2024-11-26T09:20:00.000+0530",258
"2024-11-26T09:25:00.000+0530",340
"2024-11-26T09:30:00.000+0530",315
"2024-11-26T09:35:00.000+0530",268
"2024-11-26T09:40:00.000+0530",336
"2024-11-26T09:45:00.000+0530",338
"2024-11-26T09:50:00.000+0530",323
"2024-11-26T09:55:00.000+0530",239
"2024-11-26T10:00:00.000+0530",285
"2024-11-26T10:05:00.000+0530",322
"2024-11-26T10:10:00.000+0530",327
"2024-11-26T10:15:00.000+0530",311
"2024-11-26T10:20:00.000+0530",217
"2024-11-26T10:25:00.000+0530",360
"2024-11-26T10:30:00.000+0530",282
"2024-11-26T10:35:00.000+0530",340
"2024-11-26T10:40:00.000+0530",338
"2024-11-26T10:45:00.000+0530",351
"2024-11-26T10:50:00.000+0530",361
"2024-11-26T10:55:00.000+0530",272
"2024-11-26T11:00:00.000+0530",315
"2024-11-26T11:05:00.000+0530",214
"2024-11-26T11:10:00.000+0530",246
"2024-11-26T11:15:00.000+0530",265
"2024-11-26T11:20:00.000+0530",315
"2024-11-26T11:25:00.000+0530",326
"2024-11-26T11:30:00.000+0530",358
"2024-11-26T11:35:00.000+0530",277
"2024-11-26T11:40:00.000+0530",309
"2024-11-26T11:45:00.000+0530",264
"2024-11-26T11:50:00.000+0530",342
"2024-11-26T11:55:00.000+0530",361
"2024-11-26T12:00:00.000+0530",245
"2024-11-26T12:05:00.000+0530",299
"2024-11-26T12:10:00.000+0530",314
"2024-11-26T12:15:00.000+0530",343
"2024-11-26T12:20:00.000+0530",364
"2024-11-26T12:25:00.000+0530",292
"2024-11-26T12:30:00.000+0530",280
"2024-11-26T12:35:00.000+0530",289
"2024-11-26T12:40:00.000+0530",433
"2024-11-26T12:45:00.000+0530",362
"2024-11-26T12:50:00.000+0530",432
"2024-11-26T12:55:00.000+0530",537
"2024-11-26T13:00:00.000+0530",503
"2024-11-26T13:05:00.000+0530",491
"2024-11-26T13:10:00.000+0530",558
"2024-11-26T13:15:00.000+0530",682
"2024-11-26T13:20:00.000+0530",699
"2024-11-26T13:25:00.000+0530",691
"2024-11-26T13:30:00.000+0530",658
"2024-11-26T13:35:00.000+0530",726
"2024-11-26T13:40:00.000+0530",708
"2024-11-26T13:45:00.000+0530",840
"2024-11-26T13:50:00.000+0530",750
"2024-11-26T13:55:00.000+0530",823
"2024-11-26T14:00:00.000+0530",921
"2024-11-26T14:05:00.000+0530",809
"2024-11-26T14:10:00.000+0530",843
"2024-11-26T14:15:00.000+0530",1030
"2024-11-26T14:20:00.000+0530",1013
"2024-11-26T14:25:00.000+0530",1024
"2024-11-26T14:30:00.000+0530",927
"2024-11-26T14:35:00.000+0530",1152
"2024-11-26T14:40:00.000+0530",1103
"2024-11-26T14:45:00.000+0530",1354
"2024-11-26T14:50:00.000+0530",1283
"2024-11-26T14:55:00.000+0530",1371
"2024-11-26T15:00:00.000+0530",1479
"2024-11-26T15:05:00.000+0530",1331
"2024-11-26T15:10:00.000+0530",1428
"2024-11-26T15:15:00.000+0530",1404
"2024-11-26T15:20:00.000+0530",1448
"2024-11-26T15:25:00.000+0530",1418
"2024-11-26T15:30:00.000+0530",1379
"2024-11-26T15:35:00.000+0530",1456
"2024-11-26T15:40:00.000+0530",1697
"2024-11-26T15:45:00.000+0530",1526
"2024-11-26T15:50:00.000+0530",1622
"2024-11-26T15:55:00.000+0530",1635
"2024-11-26T16:00:00.000+0530",1586
"2024-11-26T16:05:00.000+0530",1660
"2024-11-26T16:10:00.000+0530",1696
"2024-11-26T16:15:00.000+0530",1620
"2024-11-26T16:20:00.000+0530",1407
"2024-11-26T16:25:00.000+0530",1344
"2024-11-26T16:30:00.000+0530",1453
"2024-11-26T16:35:00.000+0530",1508
"2024-11-26T16:40:00.000+0530",1290
"2024-11-26T16:45:00.000+0530",1478
"2024-11-26T16:50:00.000+0530",1679
"2024-11-26T16:55:00.000+0530",1510
"2024-11-26T17:00:00.000+0530",1521
"2024-11-26T17:05:00.000+0530",1161
"2024-11-26T17:10:00.000+0530",1312
"2024-11-26T17:15:00.000+0530",1446
"2024-11-26T17:20:00.000+0530",1547
"2024-11-26T17:25:00.000+0530",1365
"2024-11-26T17:30:00.000+0530",1403
"2024-11-26T17:35:00.000+0530",1516
"2024-11-26T17:40:00.000+0530",1478
"2024-11-26T17:45:00.000+0530",1442
"2024-11-26T17:50:00.000+0530",1658
"2024-11-26T17:55:00.000+0530",1602
"2024-11-26T18:00:00.000+0530",1617
"2024-11-26T18:05:00.000+0530",1394
"2024-11-26T18:10:00.000+0530",1694
"2024-11-26T18:15:00.000+0530",1708
"2024-11-26T18:20:00.000+0530",1756
"2024-11-26T18:25:00.000+0530",1737
"2024-11-26T18:30:00.000+0530",1315
"2024-11-26T18:35:00.000+0530",1322
"2024-11-26T18:40:00.000+0530",1338
"2024-11-26T18:45:00.000+0530",1511
"2024-11-26T18:50:00.000+0530",1548
"2024-11-26T18:55:00.000+0530",1804
"2024-11-26T19:00:00.000+0530",1584
"2024-11-26T19:05:00.000+0530",1734
"2024-11-26T19:10:00.000+0530",1829
"2024-11-26T19:15:00.000+0530",2066
"2024-11-26T19:20:00.000+0530",2096
"2024-11-26T19:25:00.000+0530",1974
"2024-11-26T19:30:00.000+0530",1710
"2024-11-26T19:35:00.000+0530",1849
"2024-11-26T19:40:00.000+0530",2131
"2024-11-26T19:45:00.000+0530",2285
"2024-11-26T19:50:00.000+0530",2442
"2024-11-26T19:55:00.000+0530",2500
"2024-11-26T20:00:00.000+0530",2096
"2024-11-26T20:05:00.000+0530",2044
"2024-11-26T20:10:00.000+0530",2179
"2024-11-26T20:15:00.000+0530",2635
"2024-11-26T20:20:00.000+0530",2375
"2024-11-26T20:25:00.000+0530",2374
"2024-11-26T20:30:00.000+0530",2181
"2024-11-26T20:35:00.000+0530",2284
"2024-11-26T20:40:00.000+0530",2522
"2024-11-26T20:45:00.000+0530",2484
"2024-11-26T20:50:00.000+0530",2453
"2024-11-26T20:55:00.000+0530",2432
"2024-11-26T21:00:00.000+0530",2240
"2024-11-26T21:05:00.000+0530",2260
"2024-11-26T21:10:00.000+0530",2350
"2024-11-26T21:15:00.000+0530",2553
"2024-11-26T21:20:00.000+0530",2409
"2024-11-26T21:25:00.000+0530",2291
"2024-11-26T21:30:00.000+0530",2136
"2024-11-26T21:35:00.000+0530",2104
"2024-11-26T21:40:00.000+0530",1899
"2024-11-26T21:45:00.000+0530",2021
"2024-11-26T21:50:00.000+0530",2119
"2024-11-26T21:55:00.000+0530",1945
"2024-11-26T22:00:00.000+0530",1844
"2024-11-26T22:05:00.000+0530",1742
"2024-11-26T22:10:00.000+0530",1901
"2024-11-26T22:15:00.000+0530",2002
"2024-11-26T22:20:00.000+0530",1918
"2024-11-26T22:25:00.000+0530",1899
"2024-11-26T22:30:00.000+0530",1873
"2024-11-26T22:35:00.000+0530",1875
"2024-11-26T22:40:00.000+0530",1653
"2024-11-26T22:45:00.000+0530",1733
"2024-11-26T22:50:00.000+0530",1688
"2024-11-26T22:55:00.000+0530",1646
"2024-11-26T23:00:00.000+0530",1711
"2024-11-26T23:05:00.000+0530",1559
"2024-11-26T23:10:00.000+0530",1487
"2024-11-26T23:15:00.000+0530",1406
"2024-11-26T23:20:00.000+0530",1516
"2024-11-26T23:25:00.000+0530",1737
"2024-11-26T23:30:00.000+0530",1717
"2024-11-26T23:35:00.000+0530",1669
"2024-11-26T23:40:00.000+0530",1511
"2024-11-26T23:45:00.000+0530",1673
"2024-11-26T23:50:00.000+0530",1682
"2024-11-26T23:55:00.000+0530",1694
"2024-11-27T00:00:00.000+0530",1644
"2024-11-27T00:05:00.000+0530",1564
"2024-11-27T00:10:00.000+0530",1486
"2024-11-27T00:15:00.000+0530",1352
"2024-11-27T00:20:00.000+0530",1416
"2024-11-27T00:25:00.000+0530",1649
"2024-11-27T00:30:00.000+0530",1540
"2024-11-27T00:35:00.000+0530",1505
"2024-11-27T00:40:00.000+0530",1414
"2024-11-27T00:45:00.000+0530",1530
"2024-11-27T00:50:00.000+0530",1506
"2024-11-27T00:55:00.000+0530",1556
"2024-11-27T01:00:00.000+0530",1358
"2024-11-27T01:05:00.000+0530",1518
"2024-11-27T01:10:00.000+0530",1606
"2024-11-27T01:15:00.000+0530",1649
"2024-11-27T01:20:00.000+0530",1854
"2024-11-27T01:25:00.000+0530",1667
"2024-11-27T01:30:00.000+0530",1465
"2024-11-27T01:35:00.000+0530",1336
"2024-11-27T01:40:00.000+0530",1337
"2024-11-27T01:45:00.000+0530",1692
"2024-11-27T01:50:00.000+0530",1705
"2024-11-27T01:55:00.000+0530",1399
"2024-11-27T02:00:00.000+0530",1625
"2024-11-27T02:05:00.000+0530",1306
"2024-11-27T02:10:00.000+0530",1454
"2024-11-27T02:15:00.000+0530",1392
"2024-11-27T02:20:00.000+0530",1430
"2024-11-27T02:25:00.000+0530",1552
"2024-11-27T02:30:00.000+0530",1174
"2024-11-27T02:35:00.000+0530",1497
"2024-11-27T02:40:00.000+0530",1143
"2024-11-27T02:45:00.000+0530",1143
"2024-11-27T02:50:00.000+0530",1360
"2024-11-27T02:55:00.000+0530",1206
"2024-11-27T03:00:00.000+0530",1227
"2024-11-27T03:05:00.000+0530",1201
"2024-11-27T03:10:00.000+0530",1047
"2024-11-27T03:15:00.000+0530",1127
"2024-11-27T03:20:00.000+0530",1096
"2024-11-27T03:25:00.000+0530",957
"2024-11-27T03:30:00.000+0530",1070
"2024-11-27T03:35:00.000+0530",1212
"2024-11-27T03:40:00.000+0530",979
"2024-11-27T03:45:00.000+0530",1057
"2024-11-27T03:50:00.000+0530",1004
"2024-11-27T03:55:00.000+0530",1151
"2024-11-27T04:00:00.000+0530",1073
"2024-11-27T04:05:00.000+0530",920
"2024-11-27T04:10:00.000+0530",936
"2024-11-27T04:15:00.000+0530",940
"2024-11-27T04:20:00.000+0530",917
"2024-11-27T04:25:00.000+0530",814
"2024-11-27T04:30:00.000+0530",764
"2024-11-27T04:35:00.000+0530",699
"2024-11-27T04:40:00.000+0530",775
"2024-11-27T04:45:00.000+0530",755
"2024-11-27T04:50:00.000+0530",708
"2024-11-27T04:55:00.000+0530",717
"2024-11-27T05:00:00.000+0530",553
"2024-11-27T05:05:00.000+0530",596
"2024-11-27T05:10:00.000+0530",499
"2024-11-27T05:15:00.000+0530",575
"2024-11-27T05:20:00.000+0530",515
"2024-11-27T05:25:00.000+0530",545
"2024-11-27T05:30:00.000+0530",660
"2024-11-27T05:35:00.000+0530",451
"2024-11-27T05:40:00.000+0530",462
"2024-11-27T05:45:00.000+0530",317
"2024-11-27T05:50:00.000+0530",384
"2024-11-27T05:55:00.000+0530",410
"2024-11-27T06:00:00.000+0530",500
"2024-11-27T06:05:00.000+0530",452
"2024-11-27T06:10:00.000+0530",357
"2024-11-27T06:15:00.000+0530",369
"2024-11-27T06:20:00.000+0530",466
"2024-11-27T06:25:00.000+0530",406
"2024-11-27T06:30:00.000+0530",484
"2024-11-27T06:35:00.000+0530",433
"2024-11-27T06:40:00.000+0530",462
"2024-11-27T06:45:00.000+0530",359
"2024-11-27T06:50:00.000+0530",378
"2024-11-27T06:55:00.000+0530",231
"2024-11-27T07:00:00.000+0530",214
"2024-11-27T07:05:00.000+0530",346
"2024-11-27T07:10:00.000+0530",291
"2024-11-27T07:15:00.000+0530",371
"2024-11-27T07:20:00.000+0530",465
"2024-11-27T07:25:00.000+0530",406
"2024-11-27T07:30:00.000+0530",422
"2024-11-27T07:35:00.000+0530",504
"2024-11-27T07:40:00.000+0530",386
"2024-11-27T07:45:00.000+0530",304
"2024-11-27T07:50:00.000+0530",270
"2024-11-27T07:55:00.000+0530",277
"2024-11-27T08:00:00.000+0530",279
"2024-11-27T08:05:00.000+0530",344
"2024-11-27T08:10:00.000+0530",326
"2024-11-27T08:15:00.000+0530",298
"2024-11-27T08:20:00.000+0530",215
"2024-11-27T08:25:00.000+0530",294
"2024-11-27T08:30:00.000+0530",272
"2024-11-27T08:35:00.000+0530",336
"2024-11-27T08:40:00.000+0530",178
"2024-11-27T08:45:00.000+0530",225
"2024-11-27T08:50:00.000+0530",258
"2024-11-27T08:55:00.000+0530",282
"2024-11-27T09:00:00.000+0530",289
"2024-11-27T09:05:00.000+0530",305
"2024-11-27T09:10:00.000+0530",286
"2024-11-27T09:15:00.000+0530",284
"2024-11-27T09:20:00.000+0530",354
"2024-11-27T09:25:00.000+0530",339
"2024-11-27T09:30:00.000+0530",264
"2024-11-27T09:35:00.000+0530",353
"2024-11-27T09:40:00.000+0530",308
"2024-11-27T09:45:00.000+0530",268
"2024-11-27T09:50:00.000+0530",305
"2024-11-27T09:55:00.000+0530",244
"2024-11-27T10:00:00.000+0530",252
"2024-11-27T10:05:00.000+0530",240
"2024-11-27T10:10:00.000+0530",305
"2024-11-27T10:15:00.000+0530",202
"2024-11-27T10:20:00.000+0530",234
"2024-11-27T10:25:00.000+0530",255
"2024-11-27T10:30:00.000+0530",184
"2024-11-27T10:35:00.000+0530",292
"2024-11-27T10:40:00.000+0530",231
"2024-11-27T10:45:00.000+0530",262
"2024-11-27T10:50:00.000+0530",283
"2024-11-27T10:55:00.000+0530",203
"2024-11-27T11:00:00.000+0530",272
"2024-11-27T11:05:00.000+0530",294
"2024-11-27T11:10:00.000+0530",254
"2024-11-27T11:15:00.000+0530",195
"2024-11-27T11:20:00.000+0530",313
"2024-11-27T11:25:00.000+0530",255
"2024-11-27T11:30:00.000+0530",199
"2024-11-27T11:35:00.000+0530",169
"2024-11-27T11:40:00.000+0530",193
"2024-11-27T11:45:00.000+0530",237
"2024-11-27T11:50:00.000+0530",234
"2024-11-27T11:55:00.000+0530",291
"2024-11-27T12:00:00.000+0530",234
"2024-11-27T12:05:00.000+0530",214
"2024-11-27T12:10:00.000+0530",268
"2024-11-27T12:15:00.000+0530",376
"2024-11-27T12:20:00.000+0530",248
"2024-11-27T12:25:00.000+0530",286
"2024-11-27T12:30:00.000+0530",336
"2024-11-27T12:35:00.000+0530",348
"2024-11-27T12:40:00.000+0530",382
"2024-11-27T12:45:00.000+0530",483
"2024-11-27T12:50:00.000+0530",408
"2024-11-27T12:55:00.000+0530",517
"2024-11-27T13:00:00.000+0530",454
"2024-11-27T13:05:00.000+0530",542
"2024-11-27T13:10:00.000+0530",513
"2024-11-27T13:15:00.000+0530",545
"2024-11-27T13:20:00.000+0530",602
"2024-11-27T13:25:00.000+0530",746
"2024-11-27T13:30:00.000+0530",683
"2024-11-27T13:35:00.000+0530",878
"2024-11-27T13:40:00.000+0530",947
"2024-11-27T13:45:00.000+0530",851
"2024-11-27T13:50:00.000+0530",864
"2024-11-27T13:55:00.000+0530",961
"2024-11-27T14:00:00.000+0530",989
"2024-11-27T14:05:00.000+0530",967
"2024-11-27T14:10:00.000+0530",859
"2024-11-27T14:15:00.000+0530",1044
"2024-11-27T14:20:00.000+0530",1171
"2024-11-27T14:25:00.000+0530",1166
"2024-11-27T14:30:00.000+0530",1147
"2024-11-27T14:35:00.000+0530",1258
"2024-11-27T14:40:00.000+0530",1223
"2024-11-27T14:45:00.000+0530",1212
"2024-11-27T14:50:00.000+0530",1257
"2024-11-27T14:55:00.000+0530",1243
"2024-11-27T15:00:00.000+0530",1295
"2024-11-27T15:05:00.000+0530",1269
"2024-11-27T15:10:00.000+0530",1344
"2024-11-27T15:15:00.000+0530",1268
"2024-11-27T15:20:00.000+0530",1430
"2024-11-27T15:25:00.000+0530",1275
"2024-11-27T15:30:00.000+0530",1254
"2024-11-27T15:35:00.000+0530",1288
"2024-11-27T15:40:00.000+0530",1328
"2024-11-27T15:45:00.000+0530",1501
"2024-11-27T15:50:00.000+0530",1340
"2024-11-27T15:55:00.000+0530",1438
"2024-11-27T16:00:00.000+0530",1421
"2024-11-27T16:05:00.000+0530",1659
"2024-11-27T16:10:00.000+0530",1705
"2024-11-27T16:15:00.000+0530",1712
"2024-11-27T16:20:00.000+0530",1576
"2024-11-27T16:25:00.000+0530",1503
"2024-11-27T16:30:00.000+0530",1596
"2024-11-27T16:35:00.000+0530",1388
"2024-11-27T16:40:00.000+0530",1642
"2024-11-27T16:45:00.000+0530",1476
"2024-11-27T16:50:00.000+0530",1641
"2024-11-27T16:55:00.000+0530",1669
"2024-11-27T17:00:00.000+0530",1555
"2024-11-27T17:05:00.000+0530",1657
"2024-11-27T17:10:00.000+0530",1491
"2024-11-27T17:15:00.000+0530",1513
"2024-11-27T17:20:00.000+0530",1726
"2024-11-27T17:25:00.000+0530",1551
"2024-11-27T17:30:00.000+0530",1428
"2024-11-27T17:35:00.000+0530",1392
"2024-11-27T17:40:00.000+0530",1523
"2024-11-27T17:45:00.000+0530",1427
"2024-11-27T17:50:00.000+0530",1592
"2024-11-27T17:55:00.000+0530",1505
"2024-11-27T18:00:00.000+0530",1301
"2024-11-27T18:05:00.000+0530",1332
"2024-11-27T18:10:00.000+0530",1389
"2024-11-27T18:15:00.000+0530",1729
"2024-11-27T18:20:00.000+0530",1511
"2024-11-27T18:25:00.000+0530",1704
"2024-11-27T18:30:00.000+0530",1606
"2024-11-27T18:35:00.000+0530",1656
"2024-11-27T18:40:00.000+0530",1688
"2024-11-27T18:45:00.000+0530",1789
"2024-11-27T18:50:00.000+0530",2030
"2024-11-27T18:55:00.000+0530",1847
"2024-11-27T19:00:00.000+0530",1927
"2024-11-27T19:05:00.000+0530",1888
"2024-11-27T19:10:00.000+0530",2194
"2024-11-27T19:15:00.000+0530",2097
"2024-11-27T19:20:00.000+0530",1938
"2024-11-27T19:25:00.000+0530",2301
"2024-11-27T19:30:00.000+0530",2088
"2024-11-27T19:35:00.000+0530",1716
"2024-11-27T19:40:00.000+0530",1964
"2024-11-27T19:45:00.000+0530",2080
"2024-11-27T19:50:00.000+0530",2068
"2024-11-27T19:55:00.000+0530",2023
"2024-11-27T20:00:00.000+0530",1824
"2024-11-27T20:05:00.000+0530",1765
"2024-11-27T20:10:00.000+0530",2023
"2024-11-27T20:15:00.000+0530",2082
"2024-11-27T20:20:00.000+0530",2256
"2024-11-27T20:25:00.000+0530",2109
"2024-11-27T20:30:00.000+0530",1912
"2024-11-27T20:35:00.000+0530",1899
"2024-11-27T20:40:00.000+0530",2048
"2024-11-27T20:45:00.000+0530",2035
"2024-11-27T20:50:00.000+0530",2024
"2024-11-27T20:55:00.000+0530",2255
"2024-11-27T21:00:00.000+0530",2093
"2024-11-27T21:05:00.000+0530",1869
"2024-11-27T21:10:00.000+0530",2171
"2024-11-27T21:15:00.000+0530",2192
"2024-11-27T21:20:00.000+0530",2086
"2024-11-27T21:25:00.000+0530",2149
"2024-11-27T21:30:00.000+0530",2011
"2024-11-27T21:35:00.000+0530",1647
"2024-11-27T21:40:00.000+0530",1876
"2024-11-27T21:45:00.000+0530",2156
"2024-11-27T21:50:00.000+0530",2116
"2024-11-27T21:55:00.000+0530",1976
"2024-11-27T22:00:00.000+0530",1727
"2024-11-27T22:05:00.000+0530",1648
"2024-11-27T22:10:00.000+0530",1846
"2024-11-27T22:15:00.000+0530",1870
"2024-11-27T22:20:00.000+0530",2039
"2024-11-27T22:25:00.000+0530",1701
"2024-11-27T22:30:00.000+0530",1646
"2024-11-27T22:35:00.000+0530",1639
"2024-11-27T22:40:00.000+0530",1625
"2024-11-27T22:45:00.000+0530",1708
"2024-11-27T22:50:00.000+0530",1798
"2024-11-27T22:55:00.000+0530",1574
"2024-11-27T23:00:00.000+0530",1474
"2024-11-27T23:05:00.000+0530",1284
"2024-11-27T23:10:00.000+0530",1561
"2024-11-27T23:15:00.000+0530",1477
"2024-11-27T23:20:00.000+0530",1602
"2024-11-27T23:25:00.000+0530",1430
"2024-11-27T23:30:00.000+0530",1424
"2024-11-27T23:35:00.000+0530",1435
"2024-11-27T23:40:00.000+0530",1422
"2024-11-27T23:45:00.000+0530",1235
"2024-11-27T23:50:00.000+0530",1344
"2024-11-27T23:55:00.000+0530",1518
"2024-11-28T00:00:00.000+0530",1338
"2024-11-28T00:05:00.000+0530",1283
"2024-11-28T00:10:00.000+0530",1474
"2024-11-28T00:15:00.000+0530",1520
"2024-11-28T00:20:00.000+0530",1468
"2024-11-28T00:25:00.000+0530",1354
"2024-11-28T00:30:00.000+0530",1398
"2024-11-28T00:35:00.000+0530",1473
"2024-11-28T00:40:00.000+0530",1239
"2024-11-28T00:45:00.000+0530",1428
"2024-11-28T00:50:00.000+0530",1345
"2024-11-28T00:55:00.000+0530",1521
"2024-11-28T01:00:00.000+0530",1514
"2024-11-28T01:05:00.000+0530",1369
"2024-11-28T01:10:00.000+0530",1385
"2024-11-28T01:15:00.000+0530",1316
"2024-11-28T01:20:00.000+0530",1358
"2024-11-28T01:25:00.000+0530",1482
"2024-11-28T01:30:00.000+0530",1325
"2024-11-28T01:35:00.000+0530",1324
"2024-11-28T01:40:00.000+0530",1411
"2024-11-28T01:45:00.000+0530",1235
"2024-11-28T01:50:00.000+0530",1310
"2024-11-28T01:55:00.000+0530",1272
"2024-11-28T02:00:00.000+0530",1379
"2024-11-28T02:05:00.000+0530",1189
"2024-11-28T02:10:00.000+0530",1338
"2024-11-28T02:15:00.000+0530",1295
"2024-11-28T02:20:00.000+0530",1194
"2024-11-28T02:25:00.000+0530",1286
"2024-11-28T02:30:00.000+0530",1119
"2024-11-28T02:35:00.000+0530",1248
"2024-11-28T02:40:00.000+0530",1260
"2024-11-28T02:45:00.000+0530",1120
"2024-11-28T02:50:00.000+0530",1092
"2024-11-28T02:55:00.000+0530",1180
"2024-11-28T03:00:00.000+0530",1005
"2024-11-28T03:05:00.000+0530",1054
"2024-11-28T03:10:00.000+0530",1120
"2024-11-28T03:15:00.000+0530",940
"2024-11-28T03:20:00.000+0530",1042
"2024-11-28T03:25:00.000+0530",1046
"2024-11-28T03:30:00.000+0530",918
"2024-11-28T03:35:00.000+0530",925
"2024-11-28T03:40:00.000+0530",863
"2024-11-28T03:45:00.000+0530",770
"2024-11-28T03:50:00.000+0530",728
"2024-11-28T03:55:00.000+0530",655
"2024-11-28T04:00:00.000+0530",827
"2024-11-28T04:05:00.000+0530",690
"2024-11-28T04:10:00.000+0530",651
"2024-11-28T04:15:00.000+0530",658
"2024-11-28T04:20:00.000+0530",588
"2024-11-28T04:25:00.000+0530",643
"2024-11-28T04:30:00.000+0530",709
"2024-11-28T04:35:00.000+0530",672
"2024-11-28T04:40:00.000+0530",636
"2024-11-28T04:45:00.000+0530",715
"2024-11-28T04:50:00.000+0530",527
"2024-11-28T04:55:00.000+0530",586
"2024-11-28T05:00:00.000+0530",580
"2024-11-28T05:05:00.000+0530",550
"2024-11-28T05:10:00.000+0530",454
"2024-11-28T05:15:00.000+0530",470
"2024-11-28T05:20:00.000+0530",460
"2024-11-28T05:25:00.000+0530",413
"2024-11-28T05:30:00.000+0530",390
"2024-11-28T05:35:00.000+0530",433
"2024-11-28T05:40:00.000+0530",369
"2024-11-28T05:45:00.000+0530",299
"2024-11-28T05:50:00.000+0530",320
"2024-11-28T05:55:00.000+0530",400
"2024-11-28T06:00:00.000+0530",378
"2024-11-28T06:05:00.000+0530",364
"2024-11-28T06:10:00.000+0530",344
"2024-11-28T06:15:00.000+0530",359
"2024-11-28T06:20:00.000+0530",239
"2024-11-28T06:25:00.000+0530",293
"2024-11-28T06:30:00.000+0530",253
"2024-11-28T06:35:00.000+0530",253
"2024-11-28T06:40:00.000+0530",250
"2024-11-28T06:45:00.000+0530",303
"2024-11-28T06:50:00.000+0530",317
"2024-11-28T06:55:00.000+0530",285
"2024-11-28T07:00:00.000+0530",232
"2024-11-28T07:05:00.000+0530",250
"2024-11-28T07:10:00.000+0530",219
"2024-11-28T07:15:00.000+0530",241
"2024-11-28T07:20:00.000+0530",136
"2024-11-28T07:25:00.000+0530",205
"2024-11-28T07:30:00.000+0530",235
"2024-11-28T07:35:00.000+0530",186
"2024-11-28T07:40:00.000+0530",228
"2024-11-28T07:45:00.000+0530",257
"2024-11-28T07:50:00.000+0530",254
"2024-11-28T07:55:00.000+0530",182
"2024-11-28T08:00:00.000+0530",236
"2024-11-28T08:05:00.000+0530",244
"2024-11-28T08:10:00.000+0530",221
"2024-11-28T08:15:00.000+0530",211
"2024-11-28T08:20:00.000+0530",207
"2024-11-28T08:25:00.000+0530",335
"2024-11-28T08:30:00.000+0530",239
"2024-11-28T08:35:00.000+0530",136
"2024-11-28T08:40:00.000+0530",187
"2024-11-28T08:45:00.000+0530",157
"2024-11-28T08:50:00.000+0530",165
"2024-11-28T08:55:00.000+0530",201
"2024-11-28T09:00:00.000+0530",215
"2024-11-28T09:05:00.000+0530",150
"2024-11-28T09:10:00.000+0530",199
"2024-11-28T09:15:00.000+0530",248
"2024-11-28T09:20:00.000+0530",160
"2024-11-28T09:25:00.000+0530",210
"2024-11-28T09:30:00.000+0530",200
"2024-11-28T09:35:00.000+0530",171
"2024-11-28T09:40:00.000+0530",94
"2024-11-28T09:45:00.000+0530",93
"2024-11-28T09:50:00.000+0530",122
"2024-11-28T09:55:00.000+0530",177
"2024-11-28T10:00:00.000+0530",152
"2024-11-28T10:05:00.000+0530",135
"2024-11-28T10:10:00.000+0530",113
"2024-11-28T10:15:00.000+0530",98
"2024-11-28T10:20:00.000+0530",132
"2024-11-28T10:25:00.000+0530",128
"2024-11-28T10:30:00.000+0530",107
"2024-11-28T10:35:00.000+0530",149
"2024-11-28T10:40:00.000+0530",158
"2024-11-28T10:45:00.000+0530",190
"2024-11-28T10:50:00.000+0530",148
"2024-11-28T10:55:00.000+0530",142
"2024-11-28T11:00:00.000+0530",183
"2024-11-28T11:05:00.000+0530",234
"2024-11-28T11:10:00.000+0530",69
