"_time","max_event_count"
"2024-11-28T17:30:00.000+0530",337
"2024-11-28T17:35:00.000+0530",303
"2024-11-28T17:40:00.000+0530",332
"2024-11-28T17:45:00.000+0530",325
"2024-11-28T17:50:00.000+0530",339
"2024-11-28T17:55:00.000+0530",345
"2024-11-28T18:00:00.000+0530",308
"2024-11-28T18:05:00.000+0530",345
"2024-11-28T18:10:00.000+0530",360
"2024-11-28T18:15:00.000+0530",317
"2024-11-28T18:20:00.000+0530",304
"2024-11-28T18:25:00.000+0530",343
"2024-11-28T18:30:00.000+0530",356
"2024-11-28T18:35:00.000+0530",322
"2024-11-28T18:40:00.000+0530",334
"2024-11-28T18:45:00.000+0530",372
"2024-11-28T18:50:00.000+0530",351
"2024-11-28T18:55:00.000+0530",358
"2024-11-28T19:00:00.000+0530",350
"2024-11-28T19:05:00.000+0530",348
"2024-11-28T19:10:00.000+0530",389
"2024-11-28T19:15:00.000+0530",373
"2024-11-28T19:20:00.000+0530",396
"2024-11-28T19:25:00.000+0530",372
"2024-11-28T19:30:00.000+0530",373
"2024-11-28T19:35:00.000+0530",397
"2024-11-28T19:40:00.000+0530",478
"2024-11-28T19:45:00.000+0530",458
"2024-11-28T19:50:00.000+0530",432
"2024-11-28T19:55:00.000+0530",403
"2024-11-28T20:00:00.000+0530",407
"2024-11-28T20:05:00.000+0530",405
"2024-11-28T20:10:00.000+0530",444
"2024-11-28T20:15:00.000+0530",391
"2024-11-28T20:20:00.000+0530",456
"2024-11-28T20:25:00.000+0530",425
"2024-11-28T20:30:00.000+0530",378
"2024-11-28T20:35:00.000+0530",411
"2024-11-28T20:40:00.000+0530",390
"2024-11-28T20:45:00.000+0530",426
"2024-11-28T20:50:00.000+0530",396
"2024-11-28T20:55:00.000+0530",356
"2024-11-28T21:00:00.000+0530",359
"2024-11-28T21:05:00.000+0530",389
"2024-11-28T21:10:00.000+0530",436
"2024-11-28T21:15:00.000+0530",355
"2024-11-28T21:20:00.000+0530",364
"2024-11-28T21:25:00.000+0530",415
"2024-11-28T21:30:00.000+0530",404
"2024-11-28T21:35:00.000+0530",349
"2024-11-28T21:40:00.000+0530",313
"2024-11-28T21:45:00.000+0530",312
"2024-11-28T21:50:00.000+0530",306
"2024-11-28T21:55:00.000+0530",355
"2024-11-28T22:00:00.000+0530",334
"2024-11-28T22:05:00.000+0530",388
"2024-11-28T22:10:00.000+0530",324
"2024-11-28T22:15:00.000+0530",307
"2024-11-28T22:20:00.000+0530",292
"2024-11-28T22:25:00.000+0530",322
"2024-11-28T22:30:00.000+0530",291
"2024-11-28T22:35:00.000+0530",301
"2024-11-28T22:40:00.000+0530",296
"2024-11-28T22:45:00.000+0530",254
"2024-11-28T22:50:00.000+0530",220
"2024-11-28T22:55:00.000+0530",241
"2024-11-28T23:00:00.000+0530",234
"2024-11-28T23:05:00.000+0530",270
"2024-11-28T23:10:00.000+0530",203
"2024-11-28T23:15:00.000+0530",226
"2024-11-28T23:20:00.000+0530",238
"2024-11-28T23:25:00.000+0530",238
"2024-11-28T23:30:00.000+0530",236
"2024-11-28T23:35:00.000+0530",231
"2024-11-28T23:40:00.000+0530",216
"2024-11-28T23:45:00.000+0530",243
"2024-11-28T23:50:00.000+0530",227
"2024-11-28T23:55:00.000+0530",210
"2024-11-29T00:00:00.000+0530",215
"2024-11-29T00:05:00.000+0530",236
"2024-11-29T00:10:00.000+0530",220
"2024-11-29T00:15:00.000+0530",264
"2024-11-29T00:20:00.000+0530",192
"2024-11-29T00:25:00.000+0530",200
"2024-11-29T00:30:00.000+0530",199
"2024-11-29T00:35:00.000+0530",197
"2024-11-29T00:40:00.000+0530",189
"2024-11-29T00:45:00.000+0530",270
"2024-11-29T00:50:00.000+0530",222
"2024-11-29T00:55:00.000+0530",268
"2024-11-29T01:00:00.000+0530",199
"2024-11-29T01:05:00.000+0530",224
"2024-11-29T01:10:00.000+0530",197
"2024-11-29T01:15:00.000+0530",210
"2024-11-29T01:20:00.000+0530",161
"2024-11-29T01:25:00.000+0530",173
"2024-11-29T01:30:00.000+0530",191
"2024-11-29T01:35:00.000+0530",160
"2024-11-29T01:40:00.000+0530",172
"2024-11-29T01:45:00.000+0530",186
"2024-11-29T01:50:00.000+0530",196
"2024-11-29T01:55:00.000+0530",147
"2024-11-29T02:00:00.000+0530",178
"2024-11-29T02:05:00.000+0530",205
"2024-11-29T02:10:00.000+0530",202
"2024-11-29T02:15:00.000+0530",206
"2024-11-29T02:20:00.000+0530",186
"2024-11-29T02:25:00.000+0530",184
"2024-11-29T02:30:00.000+0530",175
"2024-11-29T02:35:00.000+0530",171
"2024-11-29T02:40:00.000+0530",178
"2024-11-29T02:45:00.000+0530",200
"2024-11-29T02:50:00.000+0530",143
"2024-11-29T02:55:00.000+0530",162
"2024-11-29T03:00:00.000+0530",149
"2024-11-29T03:05:00.000+0530",143
"2024-11-29T03:10:00.000+0530",142
"2024-11-29T03:15:00.000+0530",126
"2024-11-29T03:20:00.000+0530",150
"2024-11-29T03:25:00.000+0530",146
"2024-11-29T03:30:00.000+0530",135
"2024-11-29T03:35:00.000+0530",104
"2024-11-29T03:40:00.000+0530",123
"2024-11-29T03:45:00.000+0530",116
"2024-11-29T03:50:00.000+0530",120
"2024-11-29T03:55:00.000+0530",106
"2024-11-29T04:00:00.000+0530",96
"2024-11-29T04:05:00.000+0530",110
"2024-11-29T04:10:00.000+0530",125
"2024-11-29T04:15:00.000+0530",141
"2024-11-29T04:20:00.000+0530",112
"2024-11-29T04:25:00.000+0530",122
"2024-11-29T04:30:00.000+0530",96
"2024-11-29T04:35:00.000+0530",98
"2024-11-29T04:40:00.000+0530",94
"2024-11-29T04:45:00.000+0530",100
"2024-11-29T04:50:00.000+0530",89
"2024-11-29T04:55:00.000+0530",120
"2024-11-29T05:00:00.000+0530",107
"2024-11-29T05:05:00.000+0530",100
"2024-11-29T05:10:00.000+0530",78
"2024-11-29T05:15:00.000+0530",87
"2024-11-29T05:20:00.000+0530",76
"2024-11-29T05:25:00.000+0530",84
"2024-11-29T05:30:00.000+0530",98
"2024-11-29T05:35:00.000+0530",76
"2024-11-29T05:40:00.000+0530",94
"2024-11-29T05:45:00.000+0530",72
"2024-11-29T05:50:00.000+0530",61
"2024-11-29T05:55:00.000+0530",74
"2024-11-29T06:00:00.000+0530",49
"2024-11-29T06:05:00.000+0530",55
"2024-11-29T06:10:00.000+0530",85
"2024-11-29T06:15:00.000+0530",66
"2024-11-29T06:20:00.000+0530",56
"2024-11-29T06:25:00.000+0530",68
"2024-11-29T06:30:00.000+0530",66
"2024-11-29T06:35:00.000+0530",48
"2024-11-29T06:40:00.000+0530",63
"2024-11-29T06:45:00.000+0530",63
"2024-11-29T06:50:00.000+0530",59
"2024-11-29T06:55:00.000+0530",57
"2024-11-29T07:00:00.000+0530",56
"2024-11-29T07:05:00.000+0530",48
"2024-11-29T07:10:00.000+0530",58
"2024-11-29T07:15:00.000+0530",57
"2024-11-29T07:20:00.000+0530",47
"2024-11-29T07:25:00.000+0530",38
"2024-11-29T07:30:00.000+0530",56
"2024-11-29T07:35:00.000+0530",49
"2024-11-29T07:40:00.000+0530",37
"2024-11-29T07:45:00.000+0530",46
"2024-11-29T07:50:00.000+0530",34
"2024-11-29T07:55:00.000+0530",46
"2024-11-29T08:00:00.000+0530",39
"2024-11-29T08:05:00.000+0530",51
"2024-11-29T08:10:00.000+0530",37
"2024-11-29T08:15:00.000+0530",47
"2024-11-29T08:20:00.000+0530",61
"2024-11-29T08:25:00.000+0530",74
"2024-11-29T08:30:00.000+0530",59
"2024-11-29T08:35:00.000+0530",75
"2024-11-29T08:40:00.000+0530",54
"2024-11-29T08:45:00.000+0530",60
"2024-11-29T08:50:00.000+0530",48
"2024-11-29T08:55:00.000+0530",65
"2024-11-29T09:00:00.000+0530",36
"2024-11-29T09:05:00.000+0530",56
"2024-11-29T09:10:00.000+0530",31
"2024-11-29T09:15:00.000+0530",61
"2024-11-29T09:20:00.000+0530",39
"2024-11-29T09:25:00.000+0530",52
"2024-11-29T09:30:00.000+0530",39
"2024-11-29T09:35:00.000+0530",39
"2024-11-29T09:40:00.000+0530",60
"2024-11-29T09:45:00.000+0530",54
"2024-11-29T09:50:00.000+0530",40
"2024-11-29T09:55:00.000+0530",32
"2024-11-29T10:00:00.000+0530",29
"2024-11-29T10:05:00.000+0530",39
"2024-11-29T10:10:00.000+0530",64
"2024-11-29T10:15:00.000+0530",35
"2024-11-29T10:20:00.000+0530",62
"2024-11-29T10:25:00.000+0530",53
"2024-11-29T10:30:00.000+0530",43
"2024-11-29T10:35:00.000+0530",56
"2024-11-29T10:40:00.000+0530",36
"2024-11-29T10:45:00.000+0530",57
"2024-11-29T10:50:00.000+0530",27
"2024-11-29T10:55:00.000+0530",50
"2024-11-29T11:00:00.000+0530",44
"2024-11-29T11:05:00.000+0530",49
"2024-11-29T11:10:00.000+0530",29
"2024-11-29T11:15:00.000+0530",49
"2024-11-29T11:20:00.000+0530",56
"2024-11-29T11:25:00.000+0530",48
"2024-11-29T11:30:00.000+0530",40
"2024-11-29T11:35:00.000+0530",59
"2024-11-29T11:40:00.000+0530",55
"2024-11-29T11:45:00.000+0530",60
"2024-11-29T11:50:00.000+0530",63
"2024-11-29T11:55:00.000+0530",46
"2024-11-29T12:00:00.000+0530",68
"2024-11-29T12:05:00.000+0530",60
"2024-11-29T12:10:00.000+0530",71
"2024-11-29T12:15:00.000+0530",70
"2024-11-29T12:20:00.000+0530",76
"2024-11-29T12:25:00.000+0530",96
"2024-11-29T12:30:00.000+0530",90
"2024-11-29T12:35:00.000+0530",93
"2024-11-29T12:40:00.000+0530",108
"2024-11-29T12:45:00.000+0530",75
"2024-11-29T12:50:00.000+0530",93
"2024-11-29T12:55:00.000+0530",82
"2024-11-29T13:00:00.000+0530",89
"2024-11-29T13:05:00.000+0530",113
"2024-11-29T13:10:00.000+0530",104
"2024-11-29T13:15:00.000+0530",145
"2024-11-29T13:20:00.000+0530",123
"2024-11-29T13:25:00.000+0530",131
"2024-11-29T13:30:00.000+0530",114
"2024-11-29T13:35:00.000+0530",146
"2024-11-29T13:40:00.000+0530",196
"2024-11-29T13:45:00.000+0530",172
"2024-11-29T13:50:00.000+0530",165
"2024-11-29T13:55:00.000+0530",162
"2024-11-29T14:00:00.000+0530",153
"2024-11-29T14:05:00.000+0530",195
"2024-11-29T14:10:00.000+0530",171
"2024-11-29T14:15:00.000+0530",221
"2024-11-29T14:20:00.000+0530",199
"2024-11-29T14:25:00.000+0530",183
"2024-11-29T14:30:00.000+0530",229
"2024-11-29T14:35:00.000+0530",225
"2024-11-29T14:40:00.000+0530",238
"2024-11-29T14:45:00.000+0530",243
"2024-11-29T14:50:00.000+0530",272
"2024-11-29T14:55:00.000+0530",268
"2024-11-29T15:00:00.000+0530",221
"2024-11-29T15:05:00.000+0530",269
"2024-11-29T15:10:00.000+0530",303
"2024-11-29T15:15:00.000+0530",258
"2024-11-29T15:20:00.000+0530",295
"2024-11-29T15:25:00.000+0530",272
"2024-11-29T15:30:00.000+0530",263
"2024-11-29T15:35:00.000+0530",290
"2024-11-29T15:40:00.000+0530",290
"2024-11-29T15:45:00.000+0530",263
"2024-11-29T15:50:00.000+0530",335
"2024-11-29T15:55:00.000+0530",299
"2024-11-29T16:00:00.000+0530",252
"2024-11-29T16:05:00.000+0530",267
"2024-11-29T16:10:00.000+0530",303
"2024-11-29T16:15:00.000+0530",345
"2024-11-29T16:20:00.000+0530",321
"2024-11-29T16:25:00.000+0530",258
"2024-11-29T16:30:00.000+0530",225
"2024-11-29T16:35:00.000+0530",280
"2024-11-29T16:40:00.000+0530",305
"2024-11-29T16:45:00.000+0530",242
"2024-11-29T16:50:00.000+0530",274
"2024-11-29T16:55:00.000+0530",335
"2024-11-29T17:00:00.000+0530",292
"2024-11-29T17:05:00.000+0530",258
"2024-11-29T17:10:00.000+0530",301
"2024-11-29T17:15:00.000+0530",272
"2024-11-29T17:20:00.000+0530",288
"2024-11-29T17:25:00.000+0530",276
"2024-11-29T17:30:00.000+0530",252
"2024-11-29T17:35:00.000+0530",259
"2024-11-29T17:40:00.000+0530",305
"2024-11-29T17:45:00.000+0530",258
"2024-11-29T17:50:00.000+0530",290
"2024-11-29T17:55:00.000+0530",299
"2024-11-29T18:00:00.000+0530",262
"2024-11-29T18:05:00.000+0530",303
"2024-11-29T18:10:00.000+0530",268
"2024-11-29T18:15:00.000+0530",324
"2024-11-29T18:20:00.000+0530",323
"2024-11-29T18:25:00.000+0530",322
"2024-11-29T18:30:00.000+0530",289
"2024-11-29T18:35:00.000+0530",290
"2024-11-29T18:40:00.000+0530",320
"2024-11-29T18:45:00.000+0530",334
"2024-11-29T18:50:00.000+0530",310
"2024-11-29T18:55:00.000+0530",301
"2024-11-29T19:00:00.000+0530",327
"2024-11-29T19:05:00.000+0530",362
"2024-11-29T19:10:00.000+0530",310
"2024-11-29T19:15:00.000+0530",317
"2024-11-29T19:20:00.000+0530",315
"2024-11-29T19:25:00.000+0530",333
"2024-11-29T19:30:00.000+0530",312
"2024-11-29T19:35:00.000+0530",343
"2024-11-29T19:40:00.000+0530",334
"2024-11-29T19:45:00.000+0530",325
"2024-11-29T19:50:00.000+0530",301
"2024-11-29T19:55:00.000+0530",368
"2024-11-29T20:00:00.000+0530",348
"2024-11-29T20:05:00.000+0530",357
"2024-11-29T20:10:00.000+0530",384
"2024-11-29T20:15:00.000+0530",318
"2024-11-29T20:20:00.000+0530",320
"2024-11-29T20:25:00.000+0530",371
"2024-11-29T20:30:00.000+0530",331
"2024-11-29T20:35:00.000+0530",279
"2024-11-29T20:40:00.000+0530",325
"2024-11-29T20:45:00.000+0530",326
"2024-11-29T20:50:00.000+0530",284
"2024-11-29T20:55:00.000+0530",368
"2024-11-29T21:00:00.000+0530",271
"2024-11-29T21:05:00.000+0530",298
"2024-11-29T21:10:00.000+0530",317
"2024-11-29T21:15:00.000+0530",328
"2024-11-29T21:20:00.000+0530",307
"2024-11-29T21:25:00.000+0530",315
"2024-11-29T21:30:00.000+0530",284
"2024-11-29T21:35:00.000+0530",301
"2024-11-29T21:40:00.000+0530",250
"2024-11-29T21:45:00.000+0530",290
"2024-11-29T21:50:00.000+0530",276
"2024-11-29T21:55:00.000+0530",298
"2024-11-29T22:00:00.000+0530",271
"2024-11-29T22:05:00.000+0530",261
"2024-11-29T22:10:00.000+0530",258
"2024-11-29T22:15:00.000+0530",264
"2024-11-29T22:20:00.000+0530",277
"2024-11-29T22:25:00.000+0530",268
"2024-11-29T22:30:00.000+0530",214
"2024-11-29T22:35:00.000+0530",257
"2024-11-29T22:40:00.000+0530",225
"2024-11-29T22:45:00.000+0530",226
"2024-11-29T22:50:00.000+0530",246
"2024-11-29T22:55:00.000+0530",190
"2024-11-29T23:00:00.000+0530",207
"2024-11-29T23:05:00.000+0530",207
"2024-11-29T23:10:00.000+0530",200
"2024-11-29T23:15:00.000+0530",220
"2024-11-29T23:20:00.000+0530",224
"2024-11-29T23:25:00.000+0530",215
"2024-11-29T23:30:00.000+0530",211
"2024-11-29T23:35:00.000+0530",194
"2024-11-29T23:40:00.000+0530",221
"2024-11-29T23:45:00.000+0530",275
"2024-11-29T23:50:00.000+0530",197
"2024-11-29T23:55:00.000+0530",184
"2024-11-30T00:00:00.000+0530",194
"2024-11-30T00:05:00.000+0530",214
"2024-11-30T00:10:00.000+0530",187
"2024-11-30T00:15:00.000+0530",200
"2024-11-30T00:20:00.000+0530",215
"2024-11-30T00:25:00.000+0530",218
"2024-11-30T00:30:00.000+0530",164
"2024-11-30T00:35:00.000+0530",159
"2024-11-30T00:40:00.000+0530",181
"2024-11-30T00:45:00.000+0530",185
"2024-11-30T00:50:00.000+0530",191
"2024-11-30T00:55:00.000+0530",209
"2024-11-30T01:00:00.000+0530",219
"2024-11-30T01:05:00.000+0530",183
"2024-11-30T01:10:00.000+0530",170
"2024-11-30T01:15:00.000+0530",174
"2024-11-30T01:20:00.000+0530",211
"2024-11-30T01:25:00.000+0530",183
"2024-11-30T01:30:00.000+0530",155
"2024-11-30T01:35:00.000+0530",139
"2024-11-30T01:40:00.000+0530",151
"2024-11-30T01:45:00.000+0530",143
"2024-11-30T01:50:00.000+0530",129
"2024-11-30T01:55:00.000+0530",169
"2024-11-30T02:00:00.000+0530",101
"2024-11-30T02:05:00.000+0530",143
"2024-11-30T02:10:00.000+0530",129
"2024-11-30T02:15:00.000+0530",150
"2024-11-30T02:20:00.000+0530",127
"2024-11-30T02:25:00.000+0530",143
"2024-11-30T02:30:00.000+0530",140
"2024-11-30T02:35:00.000+0530",163
"2024-11-30T02:40:00.000+0530",114
"2024-11-30T02:45:00.000+0530",130
"2024-11-30T02:50:00.000+0530",94
"2024-11-30T02:55:00.000+0530",97
"2024-11-30T03:00:00.000+0530",120
"2024-11-30T03:05:00.000+0530",89
"2024-11-30T03:10:00.000+0530",101
"2024-11-30T03:15:00.000+0530",107
"2024-11-30T03:20:00.000+0530",117
"2024-11-30T03:25:00.000+0530",109
"2024-11-30T03:30:00.000+0530",95
"2024-11-30T03:35:00.000+0530",96
"2024-11-30T03:40:00.000+0530",99
"2024-11-30T03:45:00.000+0530",99
"2024-11-30T03:50:00.000+0530",93
"2024-11-30T03:55:00.000+0530",108
"2024-11-30T04:00:00.000+0530",112
"2024-11-30T04:05:00.000+0530",109
"2024-11-30T04:10:00.000+0530",73
"2024-11-30T04:15:00.000+0530",90
"2024-11-30T04:20:00.000+0530",84
"2024-11-30T04:25:00.000+0530",86
"2024-11-30T04:30:00.000+0530",84
"2024-11-30T04:35:00.000+0530",81
"2024-11-30T04:40:00.000+0530",95
"2024-11-30T04:45:00.000+0530",87
"2024-11-30T04:50:00.000+0530",88
"2024-11-30T04:55:00.000+0530",74
"2024-11-30T05:00:00.000+0530",89
"2024-11-30T05:05:00.000+0530",83
"2024-11-30T05:10:00.000+0530",101
"2024-11-30T05:15:00.000+0530",56
"2024-11-30T05:20:00.000+0530",97
"2024-11-30T05:25:00.000+0530",62
"2024-11-30T05:30:00.000+0530",70
"2024-11-30T05:35:00.000+0530",51
"2024-11-30T05:40:00.000+0530",55
"2024-11-30T05:45:00.000+0530",54
"2024-11-30T05:50:00.000+0530",47
"2024-11-30T05:55:00.000+0530",41
"2024-11-30T06:00:00.000+0530",42
"2024-11-30T06:05:00.000+0530",38
"2024-11-30T06:10:00.000+0530",44
"2024-11-30T06:15:00.000+0530",49
"2024-11-30T06:20:00.000+0530",48
"2024-11-30T06:25:00.000+0530",49
"2024-11-30T06:30:00.000+0530",55
"2024-11-30T06:35:00.000+0530",53
"2024-11-30T06:40:00.000+0530",22
"2024-11-30T06:45:00.000+0530",43
"2024-11-30T06:50:00.000+0530",31
"2024-11-30T06:55:00.000+0530",45
"2024-11-30T07:00:00.000+0530",40
"2024-11-30T07:05:00.000+0530",51
"2024-11-30T07:10:00.000+0530",33
"2024-11-30T07:15:00.000+0530",32
"2024-11-30T07:20:00.000+0530",57
"2024-11-30T07:25:00.000+0530",38
"2024-11-30T07:30:00.000+0530",23
"2024-11-30T07:35:00.000+0530",36
"2024-11-30T07:40:00.000+0530",52
"2024-11-30T07:45:00.000+0530",55
"2024-11-30T07:50:00.000+0530",47
"2024-11-30T07:55:00.000+0530",42
"2024-11-30T08:00:00.000+0530",38
"2024-11-30T08:05:00.000+0530",33
"2024-11-30T08:10:00.000+0530",37
"2024-11-30T08:15:00.000+0530",33
"2024-11-30T08:20:00.000+0530",19
"2024-11-30T08:25:00.000+0530",37
"2024-11-30T08:30:00.000+0530",40
"2024-11-30T08:35:00.000+0530",39
"2024-11-30T08:40:00.000+0530",26
"2024-11-30T08:45:00.000+0530",33
"2024-11-30T08:50:00.000+0530",33
"2024-11-30T08:55:00.000+0530",29
"2024-11-30T09:00:00.000+0530",42
"2024-11-30T09:05:00.000+0530",42
"2024-11-30T09:10:00.000+0530",27
"2024-11-30T09:15:00.000+0530",31
"2024-11-30T09:20:00.000+0530",13
"2024-11-30T09:25:00.000+0530",48
"2024-11-30T09:30:00.000+0530",42
"2024-11-30T09:35:00.000+0530",44
"2024-11-30T09:40:00.000+0530",57
"2024-11-30T09:45:00.000+0530",38
"2024-11-30T09:50:00.000+0530",41
"2024-11-30T09:55:00.000+0530",26
"2024-11-30T10:00:00.000+0530",24
"2024-11-30T10:05:00.000+0530",46
"2024-11-30T10:10:00.000+0530",20
"2024-11-30T10:15:00.000+0530",22
"2024-11-30T10:20:00.000+0530",12
"2024-11-30T10:25:00.000+0530",33
"2024-11-30T10:30:00.000+0530",25
"2024-11-30T10:35:00.000+0530",31
"2024-11-30T10:40:00.000+0530",21
"2024-11-30T10:45:00.000+0530",19
"2024-11-30T10:50:00.000+0530",14
"2024-11-30T10:55:00.000+0530",18
"2024-11-30T11:00:00.000+0530",17
"2024-11-30T11:05:00.000+0530",24
"2024-11-30T11:10:00.000+0530",15
"2024-11-30T11:15:00.000+0530",11
"2024-11-30T11:20:00.000+0530",14
"2024-11-30T11:25:00.000+0530",20
"2024-11-30T11:30:00.000+0530",18
"2024-11-30T11:35:00.000+0530",26
"2024-11-30T11:40:00.000+0530",25
"2024-11-30T11:45:00.000+0530",22
"2024-11-30T11:50:00.000+0530",20
"2024-11-30T11:55:00.000+0530",29
"2024-11-30T12:00:00.000+0530",26
"2024-11-30T12:05:00.000+0530",21
"2024-11-30T12:10:00.000+0530",20
"2024-11-30T12:15:00.000+0530",36
"2024-11-30T12:20:00.000+0530",14
"2024-11-30T12:25:00.000+0530",26
"2024-11-30T12:30:00.000+0530",23
"2024-11-30T12:35:00.000+0530",28
"2024-11-30T12:40:00.000+0530",21
"2024-11-30T12:45:00.000+0530",19
"2024-11-30T12:50:00.000+0530",17
"2024-11-30T12:55:00.000+0530",23
"2024-11-30T13:00:00.000+0530",31
"2024-11-30T13:05:00.000+0530",22
"2024-11-30T13:10:00.000+0530",22
"2024-11-30T13:15:00.000+0530",28
"2024-11-30T13:20:00.000+0530",14
"2024-11-30T13:25:00.000+0530",15
"2024-11-30T13:30:00.000+0530",19
"2024-11-30T13:35:00.000+0530",9
"2024-11-30T13:40:00.000+0530",23
"2024-11-30T13:45:00.000+0530",26
"2024-11-30T13:50:00.000+0530",23
"2024-11-30T13:55:00.000+0530",20
"2024-11-30T14:00:00.000+0530",23
"2024-11-30T14:05:00.000+0530",25
"2024-11-30T14:10:00.000+0530",16
"2024-11-30T14:15:00.000+0530",24
"2024-11-30T14:20:00.000+0530",33
"2024-11-30T14:25:00.000+0530",23
"2024-11-30T14:30:00.000+0530",23
"2024-11-30T14:35:00.000+0530",22
"2024-11-30T14:40:00.000+0530",35
"2024-11-30T14:45:00.000+0530",50
"2024-11-30T14:50:00.000+0530",18
"2024-11-30T14:55:00.000+0530",30
"2024-11-30T15:00:00.000+0530",16
"2024-11-30T15:05:00.000+0530",16
"2024-11-30T15:10:00.000+0530",34
"2024-11-30T15:15:00.000+0530",33
"2024-11-30T15:20:00.000+0530",46
"2024-11-30T15:25:00.000+0530",43
"2024-11-30T15:30:00.000+0530",33
"2024-11-30T15:35:00.000+0530",45
"2024-11-30T15:40:00.000+0530",41
"2024-11-30T15:45:00.000+0530",32
"2024-11-30T15:50:00.000+0530",24
"2024-11-30T15:55:00.000+0530",41
"2024-11-30T16:00:00.000+0530",39
"2024-11-30T16:05:00.000+0530",42
"2024-11-30T16:10:00.000+0530",55
"2024-11-30T16:15:00.000+0530",65
"2024-11-30T16:20:00.000+0530",53
"2024-11-30T16:25:00.000+0530",46
"2024-11-30T16:30:00.000+0530",46
"2024-11-30T16:35:00.000+0530",35
"2024-11-30T16:40:00.000+0530",40
"2024-11-30T16:45:00.000+0530",34
"2024-11-30T16:50:00.000+0530",16
"2024-11-30T16:55:00.000+0530",44
"2024-11-30T17:00:00.000+0530",42
"2024-11-30T17:05:00.000+0530",31
"2024-11-30T17:10:00.000+0530",34
"2024-11-30T17:15:00.000+0530",43
"2024-11-30T17:20:00.000+0530",37
"2024-11-30T17:25:00.000+0530",38
"2024-11-30T17:30:00.000+0530",35
"2024-11-30T17:35:00.000+0530",33
"2024-11-30T17:40:00.000+0530",44
"2024-11-30T17:45:00.000+0530",27
"2024-11-30T17:50:00.000+0530",33
"2024-11-30T17:55:00.000+0530",41
"2024-11-30T18:00:00.000+0530",33
"2024-11-30T18:05:00.000+0530",40
"2024-11-30T18:10:00.000+0530",36
"2024-11-30T18:15:00.000+0530",43
"2024-11-30T18:20:00.000+0530",35
"2024-11-30T18:25:00.000+0530",29
"2024-11-30T18:30:00.000+0530",16
"2024-11-30T18:35:00.000+0530",37
"2024-11-30T18:40:00.000+0530",42
"2024-11-30T18:45:00.000+0530",49
"2024-11-30T18:50:00.000+0530",35
"2024-11-30T18:55:00.000+0530",35
"2024-11-30T19:00:00.000+0530",48
"2024-11-30T19:05:00.000+0530",33
"2024-11-30T19:10:00.000+0530",32
"2024-11-30T19:15:00.000+0530",55
"2024-11-30T19:20:00.000+0530",30
"2024-11-30T19:25:00.000+0530",42
"2024-11-30T19:30:00.000+0530",39
"2024-11-30T19:35:00.000+0530",47
"2024-11-30T19:40:00.000+0530",46
"2024-11-30T19:45:00.000+0530",36
"2024-11-30T19:50:00.000+0530",32
"2024-11-30T19:55:00.000+0530",46
"2024-11-30T20:00:00.000+0530",39
"2024-11-30T20:05:00.000+0530",48
"2024-11-30T20:10:00.000+0530",38
"2024-11-30T20:15:00.000+0530",42
"2024-11-30T20:20:00.000+0530",27
"2024-11-30T20:25:00.000+0530",42
"2024-11-30T20:30:00.000+0530",52
"2024-11-30T20:35:00.000+0530",46
"2024-11-30T20:40:00.000+0530",41
"2024-11-30T20:45:00.000+0530",56
"2024-11-30T20:50:00.000+0530",41
"2024-11-30T20:55:00.000+0530",43
"2024-11-30T21:00:00.000+0530",50
"2024-11-30T21:05:00.000+0530",45
"2024-11-30T21:10:00.000+0530",62
"2024-11-30T21:15:00.000+0530",41
"2024-11-30T21:20:00.000+0530",60
"2024-11-30T21:25:00.000+0530",59
"2024-11-30T21:30:00.000+0530",44
"2024-11-30T21:35:00.000+0530",55
"2024-11-30T21:40:00.000+0530",46
"2024-11-30T21:45:00.000+0530",49
"2024-11-30T21:50:00.000+0530",44
"2024-11-30T21:55:00.000+0530",54
"2024-11-30T22:00:00.000+0530",55
"2024-11-30T22:05:00.000+0530",60
"2024-11-30T22:10:00.000+0530",66
"2024-11-30T22:15:00.000+0530",61
"2024-11-30T22:20:00.000+0530",66
"2024-11-30T22:25:00.000+0530",75
"2024-11-30T22:30:00.000+0530",39
"2024-11-30T22:35:00.000+0530",34
"2024-11-30T22:40:00.000+0530",45
"2024-11-30T22:45:00.000+0530",43
"2024-11-30T22:50:00.000+0530",43
"2024-11-30T22:55:00.000+0530",53
"2024-11-30T23:00:00.000+0530",86
"2024-11-30T23:05:00.000+0530",82
"2024-11-30T23:10:00.000+0530",69
"2024-11-30T23:15:00.000+0530",62
"2024-11-30T23:20:00.000+0530",53
"2024-11-30T23:25:00.000+0530",74
"2024-11-30T23:30:00.000+0530",69
"2024-11-30T23:35:00.000+0530",73
"2024-11-30T23:40:00.000+0530",54
"2024-11-30T23:45:00.000+0530",55
"2024-11-30T23:50:00.000+0530",65
"2024-11-30T23:55:00.000+0530",82
"2024-12-01T00:00:00.000+0530",71
"2024-12-01T00:05:00.000+0530",64
"2024-12-01T00:10:00.000+0530",46
"2024-12-01T00:15:00.000+0530",66
"2024-12-01T00:20:00.000+0530",47
"2024-12-01T00:25:00.000+0530",84
"2024-12-01T00:30:00.000+0530",79
"2024-12-01T00:35:00.000+0530",55
"2024-12-01T00:40:00.000+0530",91
"2024-12-01T00:45:00.000+0530",60
"2024-12-01T00:50:00.000+0530",68
"2024-12-01T00:55:00.000+0530",47
"2024-12-01T01:00:00.000+0530",59
"2024-12-01T01:05:00.000+0530",62
"2024-12-01T01:10:00.000+0530",51
"2024-12-01T01:15:00.000+0530",48
"2024-12-01T01:20:00.000+0530",61
"2024-12-01T01:25:00.000+0530",51
"2024-12-01T01:30:00.000+0530",86
"2024-12-01T01:35:00.000+0530",66
"2024-12-01T01:40:00.000+0530",62
"2024-12-01T01:45:00.000+0530",88
"2024-12-01T01:50:00.000+0530",80
"2024-12-01T01:55:00.000+0530",74
"2024-12-01T02:00:00.000+0530",72
"2024-12-01T02:05:00.000+0530",65
"2024-12-01T02:10:00.000+0530",71
"2024-12-01T02:15:00.000+0530",70
"2024-12-01T02:20:00.000+0530",62
"2024-12-01T02:25:00.000+0530",52
"2024-12-01T02:30:00.000+0530",43
"2024-12-01T02:35:00.000+0530",67
"2024-12-01T02:40:00.000+0530",59
"2024-12-01T02:45:00.000+0530",55
"2024-12-01T02:50:00.000+0530",79
"2024-12-01T02:55:00.000+0530",61
"2024-12-01T03:00:00.000+0530",98
"2024-12-01T03:05:00.000+0530",81
"2024-12-01T03:10:00.000+0530",63
"2024-12-01T03:15:00.000+0530",60
"2024-12-01T03:20:00.000+0530",70
"2024-12-01T03:25:00.000+0530",81
"2024-12-01T03:30:00.000+0530",62
"2024-12-01T03:35:00.000+0530",42
"2024-12-01T03:40:00.000+0530",44
"2024-12-01T03:45:00.000+0530",42
"2024-12-01T03:50:00.000+0530",49
"2024-12-01T03:55:00.000+0530",30
"2024-12-01T04:00:00.000+0530",63
"2024-12-01T04:05:00.000+0530",40
"2024-12-01T04:10:00.000+0530",80
"2024-12-01T04:15:00.000+0530",66
"2024-12-01T04:20:00.000+0530",60
"2024-12-01T04:25:00.000+0530",67
"2024-12-01T04:30:00.000+0530",46
"2024-12-01T04:35:00.000+0530",42
"2024-12-01T04:40:00.000+0530",48
"2024-12-01T04:45:00.000+0530",44
"2024-12-01T04:50:00.000+0530",41
"2024-12-01T04:55:00.000+0530",48
"2024-12-01T05:00:00.000+0530",33
"2024-12-01T05:05:00.000+0530",51
"2024-12-01T05:10:00.000+0530",42
"2024-12-01T05:15:00.000+0530",29
"2024-12-01T05:20:00.000+0530",41
"2024-12-01T05:25:00.000+0530",35
"2024-12-01T05:30:00.000+0530",37
"2024-12-01T05:35:00.000+0530",39
"2024-12-01T05:40:00.000+0530",31
"2024-12-01T05:45:00.000+0530",30
"2024-12-01T05:50:00.000+0530",26
"2024-12-01T05:55:00.000+0530",48
"2024-12-01T06:00:00.000+0530",32
"2024-12-01T06:05:00.000+0530",49
"2024-12-01T06:10:00.000+0530",19
"2024-12-01T06:15:00.000+0530",58
"2024-12-01T06:20:00.000+0530",38
"2024-12-01T06:25:00.000+0530",22
"2024-12-01T06:30:00.000+0530",30
"2024-12-01T06:35:00.000+0530",29
"2024-12-01T06:40:00.000+0530",34
"2024-12-01T06:45:00.000+0530",42
"2024-12-01T06:50:00.000+0530",33
"2024-12-01T06:55:00.000+0530",50
"2024-12-01T07:00:00.000+0530",54
"2024-12-01T07:05:00.000+0530",29
"2024-12-01T07:10:00.000+0530",30
"2024-12-01T07:15:00.000+0530",19
"2024-12-01T07:20:00.000+0530",25
"2024-12-01T07:25:00.000+0530",31
"2024-12-01T07:30:00.000+0530",35
"2024-12-01T07:35:00.000+0530",36
"2024-12-01T07:40:00.000+0530",45
"2024-12-01T07:45:00.000+0530",31
"2024-12-01T07:50:00.000+0530",27
"2024-12-01T07:55:00.000+0530",24
"2024-12-01T08:00:00.000+0530",30
"2024-12-01T08:05:00.000+0530",29
"2024-12-01T08:10:00.000+0530",15
"2024-12-01T08:15:00.000+0530",29
"2024-12-01T08:20:00.000+0530",28
"2024-12-01T08:25:00.000+0530",21
"2024-12-01T08:30:00.000+0530",18
"2024-12-01T08:35:00.000+0530",39
"2024-12-01T08:40:00.000+0530",23
"2024-12-01T08:45:00.000+0530",40
"2024-12-01T08:50:00.000+0530",30
"2024-12-01T08:55:00.000+0530",26
"2024-12-01T09:00:00.000+0530",29
"2024-12-01T09:05:00.000+0530",22
"2024-12-01T09:10:00.000+0530",29
"2024-12-01T09:15:00.000+0530",30
"2024-12-01T09:20:00.000+0530",35
"2024-12-01T09:25:00.000+0530",30
"2024-12-01T09:30:00.000+0530",19
"2024-12-01T09:35:00.000+0530",26
"2024-12-01T09:40:00.000+0530",23
"2024-12-01T09:45:00.000+0530",34
"2024-12-01T09:50:00.000+0530",22
"2024-12-01T09:55:00.000+0530",35
"2024-12-01T10:00:00.000+0530",31
"2024-12-01T10:05:00.000+0530",31
"2024-12-01T10:10:00.000+0530",30
"2024-12-01T10:15:00.000+0530",47
"2024-12-01T10:20:00.000+0530",25
"2024-12-01T10:25:00.000+0530",39
"2024-12-01T10:30:00.000+0530",24
"2024-12-01T10:35:00.000+0530",47
"2024-12-01T10:40:00.000+0530",25
"2024-12-01T10:45:00.000+0530",35
"2024-12-01T10:50:00.000+0530",40
"2024-12-01T10:55:00.000+0530",28
"2024-12-01T11:00:00.000+0530",35
"2024-12-01T11:05:00.000+0530",19
"2024-12-01T11:10:00.000+0530",19
"2024-12-01T11:15:00.000+0530",30
"2024-12-01T11:20:00.000+0530",25
"2024-12-01T11:25:00.000+0530",22
"2024-12-01T11:30:00.000+0530",24
"2024-12-01T11:35:00.000+0530",30
"2024-12-01T11:40:00.000+0530",27
"2024-12-01T11:45:00.000+0530",12
"2024-12-01T11:50:00.000+0530",16
"2024-12-01T11:55:00.000+0530",13
"2024-12-01T12:00:00.000+0530",17
"2024-12-01T12:05:00.000+0530",11
"2024-12-01T12:10:00.000+0530",20
"2024-12-01T12:15:00.000+0530",15
"2024-12-01T12:20:00.000+0530",18
"2024-12-01T12:25:00.000+0530",22
"2024-12-01T12:30:00.000+0530",17
"2024-12-01T12:35:00.000+0530",20
"2024-12-01T12:40:00.000+0530",13
"2024-12-01T12:45:00.000+0530",17
"2024-12-01T12:50:00.000+0530",19
"2024-12-01T12:55:00.000+0530",22
"2024-12-01T13:00:00.000+0530",24
"2024-12-01T13:05:00.000+0530",27
"2024-12-01T13:10:00.000+0530",17
"2024-12-01T13:15:00.000+0530",26
"2024-12-01T13:20:00.000+0530",15
"2024-12-01T13:25:00.000+0530",27
"2024-12-01T13:30:00.000+0530",25
"2024-12-01T13:35:00.000+0530",14
"2024-12-01T13:40:00.000+0530",27
"2024-12-01T13:45:00.000+0530",29
"2024-12-01T13:50:00.000+0530",39
"2024-12-01T13:55:00.000+0530",21
"2024-12-01T14:00:00.000+0530",27
"2024-12-01T14:05:00.000+0530",20
"2024-12-01T14:10:00.000+0530",26
"2024-12-01T14:15:00.000+0530",44
"2024-12-01T14:20:00.000+0530",23
"2024-12-01T14:25:00.000+0530",23
"2024-12-01T14:30:00.000+0530",28
"2024-12-01T14:35:00.000+0530",36
"2024-12-01T14:40:00.000+0530",31
"2024-12-01T14:45:00.000+0530",37
"2024-12-01T14:50:00.000+0530",32
"2024-12-01T14:55:00.000+0530",27
"2024-12-01T15:00:00.000+0530",38
"2024-12-01T15:05:00.000+0530",58
"2024-12-01T15:10:00.000+0530",53
"2024-12-01T15:15:00.000+0530",44
"2024-12-01T15:20:00.000+0530",45
"2024-12-01T15:25:00.000+0530",44
"2024-12-01T15:30:00.000+0530",36
"2024-12-01T15:35:00.000+0530",22
"2024-12-01T15:40:00.000+0530",43
"2024-12-01T15:45:00.000+0530",23
"2024-12-01T15:50:00.000+0530",30
"2024-12-01T15:55:00.000+0530",13
"2024-12-01T16:00:00.000+0530",19
"2024-12-01T16:05:00.000+0530",28
"2024-12-01T16:10:00.000+0530",32
"2024-12-01T16:15:00.000+0530",22
"2024-12-01T16:20:00.000+0530",28
"2024-12-01T16:25:00.000+0530",28
"2024-12-01T16:30:00.000+0530",39
"2024-12-01T16:35:00.000+0530",28
"2024-12-01T16:40:00.000+0530",37
"2024-12-01T16:45:00.000+0530",35
"2024-12-01T16:50:00.000+0530",21
"2024-12-01T16:55:00.000+0530",19
"2024-12-01T17:00:00.000+0530",32
"2024-12-01T17:05:00.000+0530",36
"2024-12-01T17:10:00.000+0530",38
"2024-12-01T17:15:00.000+0530",41
"2024-12-01T17:20:00.000+0530",38
"2024-12-01T17:25:00.000+0530",36
"2024-12-01T17:30:00.000+0530",21
"2024-12-01T17:35:00.000+0530",17
"2024-12-01T17:40:00.000+0530",37
"2024-12-01T17:45:00.000+0530",42
"2024-12-01T17:50:00.000+0530",39
"2024-12-01T17:55:00.000+0530",31
"2024-12-01T18:00:00.000+0530",26
"2024-12-01T18:05:00.000+0530",39
"2024-12-01T18:10:00.000+0530",26
"2024-12-01T18:15:00.000+0530",38
"2024-12-01T18:20:00.000+0530",29
"2024-12-01T18:25:00.000+0530",32
"2024-12-01T18:30:00.000+0530",40
"2024-12-01T18:35:00.000+0530",25
"2024-12-01T18:40:00.000+0530",24
"2024-12-01T18:45:00.000+0530",31
"2024-12-01T18:50:00.000+0530",50
"2024-12-01T18:55:00.000+0530",36
"2024-12-01T19:00:00.000+0530",40
"2024-12-01T19:05:00.000+0530",38
"2024-12-01T19:10:00.000+0530",50
"2024-12-01T19:15:00.000+0530",37
"2024-12-01T19:20:00.000+0530",39
"2024-12-01T19:25:00.000+0530",42
"2024-12-01T19:30:00.000+0530",57
"2024-12-01T19:35:00.000+0530",42
"2024-12-01T19:40:00.000+0530",49
"2024-12-01T19:45:00.000+0530",52
"2024-12-01T19:50:00.000+0530",46
"2024-12-01T19:55:00.000+0530",47
"2024-12-01T20:00:00.000+0530",54
"2024-12-01T20:05:00.000+0530",55
"2024-12-01T20:10:00.000+0530",82
"2024-12-01T20:15:00.000+0530",51
"2024-12-01T20:20:00.000+0530",44
"2024-12-01T20:25:00.000+0530",39
"2024-12-01T20:30:00.000+0530",55
"2024-12-01T20:35:00.000+0530",54
"2024-12-01T20:40:00.000+0530",56
"2024-12-01T20:45:00.000+0530",75
"2024-12-01T20:50:00.000+0530",73
"2024-12-01T20:55:00.000+0530",64
"2024-12-01T21:00:00.000+0530",56
"2024-12-01T21:05:00.000+0530",48
"2024-12-01T21:10:00.000+0530",53
"2024-12-01T21:15:00.000+0530",78
"2024-12-01T21:20:00.000+0530",62
"2024-12-01T21:25:00.000+0530",43
"2024-12-01T21:30:00.000+0530",43
"2024-12-01T21:35:00.000+0530",40
"2024-12-01T21:40:00.000+0530",37
"2024-12-01T21:45:00.000+0530",38
"2024-12-01T21:50:00.000+0530",63
"2024-12-01T21:55:00.000+0530",52
"2024-12-01T22:00:00.000+0530",68
"2024-12-01T22:05:00.000+0530",82
"2024-12-01T22:10:00.000+0530",61
"2024-12-01T22:15:00.000+0530",67
"2024-12-01T22:20:00.000+0530",52
"2024-12-01T22:25:00.000+0530",65
"2024-12-01T22:30:00.000+0530",57
"2024-12-01T22:35:00.000+0530",56
"2024-12-01T22:40:00.000+0530",51
"2024-12-01T22:45:00.000+0530",37
"2024-12-01T22:50:00.000+0530",63
"2024-12-01T22:55:00.000+0530",62
"2024-12-01T23:00:00.000+0530",51
"2024-12-01T23:05:00.000+0530",63
"2024-12-01T23:10:00.000+0530",44
"2024-12-01T23:15:00.000+0530",61
"2024-12-01T23:20:00.000+0530",53
"2024-12-01T23:25:00.000+0530",52
"2024-12-01T23:30:00.000+0530",40
"2024-12-01T23:35:00.000+0530",52
"2024-12-01T23:40:00.000+0530",74
"2024-12-01T23:45:00.000+0530",66
"2024-12-01T23:50:00.000+0530",80
"2024-12-01T23:55:00.000+0530",81
"2024-12-02T00:00:00.000+0530",70
"2024-12-02T00:05:00.000+0530",71
"2024-12-02T00:10:00.000+0530",64
"2024-12-02T00:15:00.000+0530",59
"2024-12-02T00:20:00.000+0530",67
"2024-12-02T00:25:00.000+0530",52
"2024-12-02T00:30:00.000+0530",75
"2024-12-02T00:35:00.000+0530",81
"2024-12-02T00:40:00.000+0530",100
"2024-12-02T00:45:00.000+0530",85
"2024-12-02T00:50:00.000+0530",71
"2024-12-02T00:55:00.000+0530",90
"2024-12-02T01:00:00.000+0530",78
"2024-12-02T01:05:00.000+0530",96
"2024-12-02T01:10:00.000+0530",72
"2024-12-02T01:15:00.000+0530",95
"2024-12-02T01:20:00.000+0530",111
"2024-12-02T01:25:00.000+0530",91
"2024-12-02T01:30:00.000+0530",70
"2024-12-02T01:35:00.000+0530",80
"2024-12-02T01:40:00.000+0530",66
"2024-12-02T01:45:00.000+0530",75
"2024-12-02T01:50:00.000+0530",47
"2024-12-02T01:55:00.000+0530",57
"2024-12-02T02:00:00.000+0530",51
"2024-12-02T02:05:00.000+0530",72
"2024-12-02T02:10:00.000+0530",77
"2024-12-02T02:15:00.000+0530",88
"2024-12-02T02:20:00.000+0530",88
"2024-12-02T02:25:00.000+0530",87
"2024-12-02T02:30:00.000+0530",50
"2024-12-02T02:35:00.000+0530",70
"2024-12-02T02:40:00.000+0530",47
"2024-12-02T02:45:00.000+0530",61
"2024-12-02T02:50:00.000+0530",80
"2024-12-02T02:55:00.000+0530",69
"2024-12-02T03:00:00.000+0530",73
"2024-12-02T03:05:00.000+0530",67
"2024-12-02T03:10:00.000+0530",49
"2024-12-02T03:15:00.000+0530",68
"2024-12-02T03:20:00.000+0530",39
"2024-12-02T03:25:00.000+0530",66
"2024-12-02T03:30:00.000+0530",60
"2024-12-02T03:35:00.000+0530",66
"2024-12-02T03:40:00.000+0530",69
"2024-12-02T03:45:00.000+0530",63
"2024-12-02T03:50:00.000+0530",59
"2024-12-02T03:55:00.000+0530",61
"2024-12-02T04:00:00.000+0530",77
"2024-12-02T04:05:00.000+0530",86
"2024-12-02T04:10:00.000+0530",67
"2024-12-02T04:15:00.000+0530",54
"2024-12-02T04:20:00.000+0530",57
"2024-12-02T04:25:00.000+0530",58
"2024-12-02T04:30:00.000+0530",60
"2024-12-02T04:35:00.000+0530",49
"2024-12-02T04:40:00.000+0530",87
"2024-12-02T04:45:00.000+0530",71
"2024-12-02T04:50:00.000+0530",61
"2024-12-02T04:55:00.000+0530",59
"2024-12-02T05:00:00.000+0530",71
"2024-12-02T05:05:00.000+0530",67
"2024-12-02T05:10:00.000+0530",58
"2024-12-02T05:15:00.000+0530",53
"2024-12-02T05:20:00.000+0530",49
"2024-12-02T05:25:00.000+0530",53
"2024-12-02T05:30:00.000+0530",42
"2024-12-02T05:35:00.000+0530",57
"2024-12-02T05:40:00.000+0530",60
"2024-12-02T05:45:00.000+0530",49
"2024-12-02T05:50:00.000+0530",61
"2024-12-02T05:55:00.000+0530",57
"2024-12-02T06:00:00.000+0530",47
"2024-12-02T06:05:00.000+0530",58
"2024-12-02T06:10:00.000+0530",44
"2024-12-02T06:15:00.000+0530",35
"2024-12-02T06:20:00.000+0530",47
"2024-12-02T06:25:00.000+0530",65
"2024-12-02T06:30:00.000+0530",66
"2024-12-02T06:35:00.000+0530",49
"2024-12-02T06:40:00.000+0530",64
"2024-12-02T06:45:00.000+0530",70
"2024-12-02T06:50:00.000+0530",54
"2024-12-02T06:55:00.000+0530",51
"2024-12-02T07:00:00.000+0530",43
"2024-12-02T07:05:00.000+0530",44
"2024-12-02T07:10:00.000+0530",63
"2024-12-02T07:15:00.000+0530",49
"2024-12-02T07:20:00.000+0530",53
"2024-12-02T07:25:00.000+0530",79
"2024-12-02T07:30:00.000+0530",44
"2024-12-02T07:35:00.000+0530",35
"2024-12-02T07:40:00.000+0530",40
"2024-12-02T07:45:00.000+0530",70
"2024-12-02T07:50:00.000+0530",60
"2024-12-02T07:55:00.000+0530",66
"2024-12-02T08:00:00.000+0530",38
"2024-12-02T08:05:00.000+0530",54
"2024-12-02T08:10:00.000+0530",46
"2024-12-02T08:15:00.000+0530",59
"2024-12-02T08:20:00.000+0530",72
"2024-12-02T08:25:00.000+0530",65
"2024-12-02T08:30:00.000+0530",45
"2024-12-02T08:35:00.000+0530",56
"2024-12-02T08:40:00.000+0530",50
"2024-12-02T08:45:00.000+0530",50
"2024-12-02T08:50:00.000+0530",53
"2024-12-02T08:55:00.000+0530",54
"2024-12-02T09:00:00.000+0530",49
"2024-12-02T09:05:00.000+0530",56
"2024-12-02T09:10:00.000+0530",64
"2024-12-02T09:15:00.000+0530",43
"2024-12-02T09:20:00.000+0530",47
"2024-12-02T09:25:00.000+0530",64
"2024-12-02T09:30:00.000+0530",49
"2024-12-02T09:35:00.000+0530",43
"2024-12-02T09:40:00.000+0530",54
"2024-12-02T09:45:00.000+0530",62
"2024-12-02T09:50:00.000+0530",44
"2024-12-02T09:55:00.000+0530",51
"2024-12-02T10:00:00.000+0530",54
"2024-12-02T10:05:00.000+0530",39
"2024-12-02T10:10:00.000+0530",52
"2024-12-02T10:15:00.000+0530",48
"2024-12-02T10:20:00.000+0530",57
"2024-12-02T10:25:00.000+0530",52
"2024-12-02T10:30:00.000+0530",39
"2024-12-02T10:35:00.000+0530",57
"2024-12-02T10:40:00.000+0530",58
"2024-12-02T10:45:00.000+0530",40
"2024-12-02T10:50:00.000+0530",37
"2024-12-02T10:55:00.000+0530",50
"2024-12-02T11:00:00.000+0530",45
"2024-12-02T11:05:00.000+0530",46
"2024-12-02T11:10:00.000+0530",45
"2024-12-02T11:15:00.000+0530",47
"2024-12-02T11:20:00.000+0530",48
"2024-12-02T11:25:00.000+0530",43
"2024-12-02T11:30:00.000+0530",62
"2024-12-02T11:35:00.000+0530",42
"2024-12-02T11:40:00.000+0530",67
"2024-12-02T11:45:00.000+0530",74
"2024-12-02T11:50:00.000+0530",54
"2024-12-02T11:55:00.000+0530",59
"2024-12-02T12:00:00.000+0530",66
"2024-12-02T12:05:00.000+0530",69
"2024-12-02T12:10:00.000+0530",54
"2024-12-02T12:15:00.000+0530",76
"2024-12-02T12:20:00.000+0530",67
"2024-12-02T12:25:00.000+0530",69
"2024-12-02T12:30:00.000+0530",76
"2024-12-02T12:35:00.000+0530",75
"2024-12-02T12:40:00.000+0530",87
"2024-12-02T12:45:00.000+0530",83
"2024-12-02T12:50:00.000+0530",95
"2024-12-02T12:55:00.000+0530",101
"2024-12-02T13:00:00.000+0530",99
"2024-12-02T13:05:00.000+0530",109
"2024-12-02T13:10:00.000+0530",126
"2024-12-02T13:15:00.000+0530",109
"2024-12-02T13:20:00.000+0530",151
"2024-12-02T13:25:00.000+0530",118
"2024-12-02T13:30:00.000+0530",122
"2024-12-02T13:35:00.000+0530",149
"2024-12-02T13:40:00.000+0530",148
"2024-12-02T13:45:00.000+0530",162
"2024-12-02T13:50:00.000+0530",140
"2024-12-02T13:55:00.000+0530",167
"2024-12-02T14:00:00.000+0530",146
"2024-12-02T14:05:00.000+0530",149
"2024-12-02T14:10:00.000+0530",194
"2024-12-02T14:15:00.000+0530",197
"2024-12-02T14:20:00.000+0530",158
"2024-12-02T14:25:00.000+0530",223
"2024-12-02T14:30:00.000+0530",199
"2024-12-02T14:35:00.000+0530",201
"2024-12-02T14:40:00.000+0530",214
"2024-12-02T14:45:00.000+0530",248
"2024-12-02T14:50:00.000+0530",232
"2024-12-02T14:55:00.000+0530",255
"2024-12-02T15:00:00.000+0530",251
"2024-12-02T15:05:00.000+0530",260
"2024-12-02T15:10:00.000+0530",285
"2024-12-02T15:15:00.000+0530",292
"2024-12-02T15:20:00.000+0530",275
"2024-12-02T15:25:00.000+0530",263
"2024-12-02T15:30:00.000+0530",281
"2024-12-02T15:35:00.000+0530",284
"2024-12-02T15:40:00.000+0530",284
"2024-12-02T15:45:00.000+0530",264
"2024-12-02T15:50:00.000+0530",268
"2024-12-02T15:55:00.000+0530",282
"2024-12-02T16:00:00.000+0530",289
"2024-12-02T16:05:00.000+0530",311
"2024-12-02T16:10:00.000+0530",363
"2024-12-02T16:15:00.000+0530",325
"2024-12-02T16:20:00.000+0530",368
"2024-12-02T16:25:00.000+0530",355
"2024-12-02T16:30:00.000+0530",286
"2024-12-02T16:35:00.000+0530",306
"2024-12-02T16:40:00.000+0530",275
"2024-12-02T16:45:00.000+0530",332
"2024-12-02T16:50:00.000+0530",278
"2024-12-02T16:55:00.000+0530",273
"2024-12-02T17:00:00.000+0530",288
"2024-12-02T17:05:00.000+0530",297
"2024-12-02T17:10:00.000+0530",275
"2024-12-02T17:15:00.000+0530",305
"2024-12-02T17:20:00.000+0530",301
"2024-12-02T17:25:00.000+0530",310
"2024-12-02T17:30:00.000+0530",314
"2024-12-02T17:35:00.000+0530",315
"2024-12-02T17:40:00.000+0530",299
"2024-12-02T17:45:00.000+0530",315
"2024-12-02T17:50:00.000+0530",299
"2024-12-02T17:55:00.000+0530",335
"2024-12-02T18:00:00.000+0530",325
"2024-12-02T18:05:00.000+0530",314
"2024-12-02T18:10:00.000+0530",333
"2024-12-02T18:15:00.000+0530",339
"2024-12-02T18:20:00.000+0530",366
"2024-12-02T18:25:00.000+0530",410
"2024-12-02T18:30:00.000+0530",359
"2024-12-02T18:35:00.000+0530",357
"2024-12-02T18:40:00.000+0530",400
"2024-12-02T18:45:00.000+0530",346
"2024-12-02T18:50:00.000+0530",353
"2024-12-02T18:55:00.000+0530",339
"2024-12-02T19:00:00.000+0530",402
"2024-12-02T19:05:00.000+0530",377
"2024-12-02T19:10:00.000+0530",412
"2024-12-02T19:15:00.000+0530",362
"2024-12-02T19:20:00.000+0530",404
"2024-12-02T19:25:00.000+0530",380
"2024-12-02T19:30:00.000+0530",381
"2024-12-02T19:35:00.000+0530",371
"2024-12-02T19:40:00.000+0530",417
"2024-12-02T19:45:00.000+0530",424
"2024-12-02T19:50:00.000+0530",365
"2024-12-02T19:55:00.000+0530",404
"2024-12-02T20:00:00.000+0530",451
"2024-12-02T20:05:00.000+0530",548
"2024-12-02T20:10:00.000+0530",559
"2024-12-02T20:15:00.000+0530",400
"2024-12-02T20:20:00.000+0530",397
"2024-12-02T20:25:00.000+0530",461
"2024-12-02T20:30:00.000+0530",429
"2024-12-02T20:35:00.000+0530",404
"2024-12-02T20:40:00.000+0530",408
"2024-12-02T20:45:00.000+0530",461
"2024-12-02T20:50:00.000+0530",410
"2024-12-02T20:55:00.000+0530",483
"2024-12-02T21:00:00.000+0530",410
"2024-12-02T21:05:00.000+0530",431
"2024-12-02T21:10:00.000+0530",435
"2024-12-02T21:15:00.000+0530",503
"2024-12-02T21:20:00.000+0530",461
"2024-12-02T21:25:00.000+0530",441
"2024-12-02T21:30:00.000+0530",413
"2024-12-02T21:35:00.000+0530",393
"2024-12-02T21:40:00.000+0530",402
"2024-12-02T21:45:00.000+0530",406
"2024-12-02T21:50:00.000+0530",461
"2024-12-02T21:55:00.000+0530",420
"2024-12-02T22:00:00.000+0530",452
"2024-12-02T22:05:00.000+0530",391
"2024-12-02T22:10:00.000+0530",452
"2024-12-02T22:15:00.000+0530",458
"2024-12-02T22:20:00.000+0530",390
"2024-12-02T22:25:00.000+0530",367
"2024-12-02T22:30:00.000+0530",358
"2024-12-02T22:35:00.000+0530",389
"2024-12-02T22:40:00.000+0530",390
"2024-12-02T22:45:00.000+0530",406
"2024-12-02T22:50:00.000+0530",371
"2024-12-02T22:55:00.000+0530",404
"2024-12-02T23:00:00.000+0530",368
"2024-12-02T23:05:00.000+0530",331
"2024-12-02T23:10:00.000+0530",346
"2024-12-02T23:15:00.000+0530",365
"2024-12-02T23:20:00.000+0530",398
"2024-12-02T23:25:00.000+0530",379
"2024-12-02T23:30:00.000+0530",357
"2024-12-02T23:35:00.000+0530",282
"2024-12-02T23:40:00.000+0530",307
"2024-12-02T23:45:00.000+0530",262
"2024-12-02T23:50:00.000+0530",304
"2024-12-02T23:55:00.000+0530",295
"2024-12-03T00:00:00.000+0530",327
"2024-12-03T00:05:00.000+0530",285
"2024-12-03T00:10:00.000+0530",307
"2024-12-03T00:15:00.000+0530",357
"2024-12-03T00:20:00.000+0530",299
"2024-12-03T00:25:00.000+0530",334
"2024-12-03T00:30:00.000+0530",291
"2024-12-03T00:35:00.000+0530",365
"2024-12-03T00:40:00.000+0530",357
"2024-12-03T00:45:00.000+0530",365
"2024-12-03T00:50:00.000+0530",361
"2024-12-03T00:55:00.000+0530",331
"2024-12-03T01:00:00.000+0530",339
"2024-12-03T01:05:00.000+0530",393
"2024-12-03T01:10:00.000+0530",362
"2024-12-03T01:15:00.000+0530",351
"2024-12-03T01:20:00.000+0530",330
"2024-12-03T01:25:00.000+0530",366
"2024-12-03T01:30:00.000+0530",314
"2024-12-03T01:35:00.000+0530",352
"2024-12-03T01:40:00.000+0530",317
"2024-12-03T01:45:00.000+0530",340
"2024-12-03T01:50:00.000+0530",320
"2024-12-03T01:55:00.000+0530",363
"2024-12-03T02:00:00.000+0530",342
"2024-12-03T02:05:00.000+0530",296
"2024-12-03T02:10:00.000+0530",293
"2024-12-03T02:15:00.000+0530",265
"2024-12-03T02:20:00.000+0530",336
"2024-12-03T02:25:00.000+0530",316
"2024-12-03T02:30:00.000+0530",283
"2024-12-03T02:35:00.000+0530",254
"2024-12-03T02:40:00.000+0530",326
"2024-12-03T02:45:00.000+0530",337
"2024-12-03T02:50:00.000+0530",278
"2024-12-03T02:55:00.000+0530",282
"2024-12-03T03:00:00.000+0530",282
"2024-12-03T03:05:00.000+0530",333
"2024-12-03T03:10:00.000+0530",297
"2024-12-03T03:15:00.000+0530",254
"2024-12-03T03:20:00.000+0530",250
"2024-12-03T03:25:00.000+0530",270
"2024-12-03T03:30:00.000+0530",258
"2024-12-03T03:35:00.000+0530",236
"2024-12-03T03:40:00.000+0530",256
"2024-12-03T03:45:00.000+0530",216
"2024-12-03T03:50:00.000+0530",222
"2024-12-03T03:55:00.000+0530",233
"2024-12-03T04:00:00.000+0530",231
"2024-12-03T04:05:00.000+0530",234
"2024-12-03T04:10:00.000+0530",260
"2024-12-03T04:15:00.000+0530",199
"2024-12-03T04:20:00.000+0530",193
"2024-12-03T04:25:00.000+0530",186
"2024-12-03T04:30:00.000+0530",178
"2024-12-03T04:35:00.000+0530",137
"2024-12-03T04:40:00.000+0530",151
"2024-12-03T04:45:00.000+0530",178
"2024-12-03T04:50:00.000+0530",157
"2024-12-03T04:55:00.000+0530",139
"2024-12-03T05:00:00.000+0530",113
"2024-12-03T05:05:00.000+0530",136
"2024-12-03T05:10:00.000+0530",143
"2024-12-03T05:15:00.000+0530",174
"2024-12-03T05:20:00.000+0530",159
"2024-12-03T05:25:00.000+0530",174
"2024-12-03T05:30:00.000+0530",127
"2024-12-03T05:35:00.000+0530",123
"2024-12-03T05:40:00.000+0530",132
"2024-12-03T05:45:00.000+0530",125
"2024-12-03T05:50:00.000+0530",121
"2024-12-03T05:55:00.000+0530",132
"2024-12-03T06:00:00.000+0530",140
"2024-12-03T06:05:00.000+0530",125
"2024-12-03T06:10:00.000+0530",113
"2024-12-03T06:15:00.000+0530",95
"2024-12-03T06:20:00.000+0530",96
"2024-12-03T06:25:00.000+0530",137
"2024-12-03T06:30:00.000+0530",96
"2024-12-03T06:35:00.000+0530",84
"2024-12-03T06:40:00.000+0530",94
"2024-12-03T06:45:00.000+0530",108
"2024-12-03T06:50:00.000+0530",104
"2024-12-03T06:55:00.000+0530",110
"2024-12-03T07:00:00.000+0530",95
"2024-12-03T07:05:00.000+0530",88
"2024-12-03T07:10:00.000+0530",87
"2024-12-03T07:15:00.000+0530",85
"2024-12-03T07:20:00.000+0530",89
"2024-12-03T07:25:00.000+0530",111
"2024-12-03T07:30:00.000+0530",96
"2024-12-03T07:35:00.000+0530",82
"2024-12-03T07:40:00.000+0530",94
"2024-12-03T07:45:00.000+0530",74
"2024-12-03T07:50:00.000+0530",76
"2024-12-03T07:55:00.000+0530",80
"2024-12-03T08:00:00.000+0530",85
"2024-12-03T08:05:00.000+0530",82
"2024-12-03T08:10:00.000+0530",94
"2024-12-03T08:15:00.000+0530",110
"2024-12-03T08:20:00.000+0530",69
"2024-12-03T08:25:00.000+0530",67
"2024-12-03T08:30:00.000+0530",73
"2024-12-03T08:35:00.000+0530",59
"2024-12-03T08:40:00.000+0530",72
"2024-12-03T08:45:00.000+0530",85
"2024-12-03T08:50:00.000+0530",73
"2024-12-03T08:55:00.000+0530",82
"2024-12-03T09:00:00.000+0530",77
"2024-12-03T09:05:00.000+0530",79
"2024-12-03T09:10:00.000+0530",89
"2024-12-03T09:15:00.000+0530",93
"2024-12-03T09:20:00.000+0530",59
"2024-12-03T09:25:00.000+0530",48
"2024-12-03T09:30:00.000+0530",75
"2024-12-03T09:35:00.000+0530",51
"2024-12-03T09:40:00.000+0530",72
"2024-12-03T09:45:00.000+0530",95
"2024-12-03T09:50:00.000+0530",73
"2024-12-03T09:55:00.000+0530",82
"2024-12-03T10:00:00.000+0530",75
"2024-12-03T10:05:00.000+0530",74
"2024-12-03T10:10:00.000+0530",76
"2024-12-03T10:15:00.000+0530",66
"2024-12-03T10:20:00.000+0530",60
"2024-12-03T10:25:00.000+0530",52
"2024-12-03T10:30:00.000+0530",57
"2024-12-03T10:35:00.000+0530",59
"2024-12-03T10:40:00.000+0530",76
"2024-12-03T10:45:00.000+0530",51
"2024-12-03T10:50:00.000+0530",62
"2024-12-03T10:55:00.000+0530",73
"2024-12-03T11:00:00.000+0530",60
"2024-12-03T11:05:00.000+0530",70
"2024-12-03T11:10:00.000+0530",63
"2024-12-03T11:15:00.000+0530",71
"2024-12-03T11:20:00.000+0530",57
"2024-12-03T11:25:00.000+0530",95
"2024-12-03T11:30:00.000+0530",58
"2024-12-03T11:35:00.000+0530",87
"2024-12-03T11:40:00.000+0530",71
"2024-12-03T11:45:00.000+0530",74
"2024-12-03T11:50:00.000+0530",71
"2024-12-03T11:55:00.000+0530",112
"2024-12-03T12:00:00.000+0530",81
"2024-12-03T12:05:00.000+0530",81
"2024-12-03T12:10:00.000+0530",65
"2024-12-03T12:15:00.000+0530",125
"2024-12-03T12:20:00.000+0530",87
"2024-12-03T12:25:00.000+0530",79
"2024-12-03T12:30:00.000+0530",95
"2024-12-03T12:35:00.000+0530",72
"2024-12-03T12:40:00.000+0530",101
"2024-12-03T12:45:00.000+0530",119
"2024-12-03T12:50:00.000+0530",85
"2024-12-03T12:55:00.000+0530",94
"2024-12-03T13:00:00.000+0530",89
"2024-12-03T13:05:00.000+0530",124
"2024-12-03T13:10:00.000+0530",165
"2024-12-03T13:15:00.000+0530",156
"2024-12-03T13:20:00.000+0530",157
"2024-12-03T13:25:00.000+0530",130
"2024-12-03T13:30:00.000+0530",144
"2024-12-03T13:35:00.000+0530",138
"2024-12-03T13:40:00.000+0530",213
"2024-12-03T13:45:00.000+0530",172
"2024-12-03T13:50:00.000+0530",199
"2024-12-03T13:55:00.000+0530",195
"2024-12-03T14:00:00.000+0530",205
"2024-12-03T14:05:00.000+0530",193
"2024-12-03T14:10:00.000+0530",241
"2024-12-03T14:15:00.000+0530",252
"2024-12-03T14:20:00.000+0530",250
"2024-12-03T14:25:00.000+0530",236
"2024-12-03T14:30:00.000+0530",214
"2024-12-03T14:35:00.000+0530",261
"2024-12-03T14:40:00.000+0530",308
"2024-12-03T14:45:00.000+0530",300
"2024-12-03T14:50:00.000+0530",289
"2024-12-03T14:55:00.000+0530",333
"2024-12-03T15:00:00.000+0530",275
"2024-12-03T15:05:00.000+0530",336
"2024-12-03T15:10:00.000+0530",369
"2024-12-03T15:15:00.000+0530",330
"2024-12-03T15:20:00.000+0530",399
"2024-12-03T15:25:00.000+0530",368
"2024-12-03T15:30:00.000+0530",337
"2024-12-03T15:35:00.000+0530",305
"2024-12-03T15:40:00.000+0530",362
"2024-12-03T15:45:00.000+0530",317
"2024-12-03T15:50:00.000+0530",343
"2024-12-03T15:55:00.000+0530",333
"2024-12-03T16:00:00.000+0530",381
"2024-12-03T16:05:00.000+0530",390
"2024-12-03T16:10:00.000+0530",293
"2024-12-03T16:15:00.000+0530",361
"2024-12-03T16:20:00.000+0530",340
"2024-12-03T16:25:00.000+0530",368
"2024-12-03T16:30:00.000+0530",340
"2024-12-03T16:35:00.000+0530",324
"2024-12-03T16:40:00.000+0530",304
"2024-12-03T16:45:00.000+0530",382
"2024-12-03T16:50:00.000+0530",350
"2024-12-03T16:55:00.000+0530",328
"2024-12-03T17:00:00.000+0530",325
"2024-12-03T17:05:00.000+0530",333
"2024-12-03T17:10:00.000+0530",338
"2024-12-03T17:15:00.000+0530",358
"2024-12-03T17:20:00.000+0530",356
"2024-12-03T17:25:00.000+0530",330
"2024-12-03T17:30:00.000+0530",294
"2024-12-03T17:35:00.000+0530",310
"2024-12-03T17:40:00.000+0530",291
"2024-12-03T17:45:00.000+0530",334
"2024-12-03T17:50:00.000+0530",380
"2024-12-03T17:55:00.000+0530",348
"2024-12-03T18:00:00.000+0530",369
"2024-12-03T18:05:00.000+0530",468
"2024-12-03T18:10:00.000+0530",397
"2024-12-03T18:15:00.000+0530",331
"2024-12-03T18:20:00.000+0530",386
"2024-12-03T18:25:00.000+0530",370
"2024-12-03T18:30:00.000+0530",319
"2024-12-03T18:35:00.000+0530",361
"2024-12-03T18:40:00.000+0530",342
"2024-12-03T18:45:00.000+0530",376
"2024-12-03T18:50:00.000+0530",463
"2024-12-03T18:55:00.000+0530",421
"2024-12-03T19:00:00.000+0530",398
"2024-12-03T19:05:00.000+0530",417
"2024-12-03T19:10:00.000+0530",411
"2024-12-03T19:15:00.000+0530",455
"2024-12-03T19:20:00.000+0530",413
"2024-12-03T19:25:00.000+0530",445
"2024-12-03T19:30:00.000+0530",394
"2024-12-03T19:35:00.000+0530",438
"2024-12-03T19:40:00.000+0530",431
"2024-12-03T19:45:00.000+0530",496
"2024-12-03T19:50:00.000+0530",519
"2024-12-03T19:55:00.000+0530",486
"2024-12-03T20:00:00.000+0530",519
"2024-12-03T20:05:00.000+0530",538
"2024-12-03T20:10:00.000+0530",469
"2024-12-03T20:15:00.000+0530",502
"2024-12-03T20:20:00.000+0530",492
"2024-12-03T20:25:00.000+0530",578
"2024-12-03T20:30:00.000+0530",447
"2024-12-03T20:35:00.000+0530",516
"2024-12-03T20:40:00.000+0530",478
"2024-12-03T20:45:00.000+0530",500
"2024-12-03T20:50:00.000+0530",537
"2024-12-03T20:55:00.000+0530",553
"2024-12-03T21:00:00.000+0530",542
"2024-12-03T21:05:00.000+0530",550
"2024-12-03T21:10:00.000+0530",475
"2024-12-03T21:15:00.000+0530",472
"2024-12-03T21:20:00.000+0530",517
"2024-12-03T21:25:00.000+0530",508
"2024-12-03T21:30:00.000+0530",479
"2024-12-03T21:35:00.000+0530",430
"2024-12-03T21:40:00.000+0530",482
"2024-12-03T21:45:00.000+0530",481
"2024-12-03T21:50:00.000+0530",470
"2024-12-03T21:55:00.000+0530",416
"2024-12-03T22:00:00.000+0530",409
"2024-12-03T22:05:00.000+0530",435
"2024-12-03T22:10:00.000+0530",386
"2024-12-03T22:15:00.000+0530",456
"2024-12-03T22:20:00.000+0530",415
"2024-12-03T22:25:00.000+0530",498
"2024-12-03T22:30:00.000+0530",440
"2024-12-03T22:35:00.000+0530",424
"2024-12-03T22:40:00.000+0530",383
"2024-12-03T22:45:00.000+0530",423
"2024-12-03T22:50:00.000+0530",437
"2024-12-03T22:55:00.000+0530",494
"2024-12-03T23:00:00.000+0530",401
"2024-12-03T23:05:00.000+0530",376
"2024-12-03T23:10:00.000+0530",409
"2024-12-03T23:15:00.000+0530",412
"2024-12-03T23:20:00.000+0530",430
"2024-12-03T23:25:00.000+0530",463
"2024-12-03T23:30:00.000+0530",368
"2024-12-03T23:35:00.000+0530",361
"2024-12-03T23:40:00.000+0530",360
"2024-12-03T23:45:00.000+0530",341
"2024-12-03T23:50:00.000+0530",369
"2024-12-03T23:55:00.000+0530",364
"2024-12-04T00:00:00.000+0530",328
"2024-12-04T00:05:00.000+0530",411
"2024-12-04T00:10:00.000+0530",349
"2024-12-04T00:15:00.000+0530",315
"2024-12-04T00:20:00.000+0530",397
"2024-12-04T00:25:00.000+0530",321
"2024-12-04T00:30:00.000+0530",338
"2024-12-04T00:35:00.000+0530",343
"2024-12-04T00:40:00.000+0530",378
"2024-12-04T00:45:00.000+0530",376
"2024-12-04T00:50:00.000+0530",357
"2024-12-04T00:55:00.000+0530",397
"2024-12-04T01:00:00.000+0530",371
"2024-12-04T01:05:00.000+0530",334
"2024-12-04T01:10:00.000+0530",417
"2024-12-04T01:15:00.000+0530",309
"2024-12-04T01:20:00.000+0530",321
"2024-12-04T01:25:00.000+0530",300
"2024-12-04T01:30:00.000+0530",304
"2024-12-04T01:35:00.000+0530",287
"2024-12-04T01:40:00.000+0530",307
"2024-12-04T01:45:00.000+0530",316
"2024-12-04T01:50:00.000+0530",306
"2024-12-04T01:55:00.000+0530",389
"2024-12-04T02:00:00.000+0530",324
"2024-12-04T02:05:00.000+0530",322
"2024-12-04T02:10:00.000+0530",327
"2024-12-04T02:15:00.000+0530",335
"2024-12-04T02:20:00.000+0530",373
"2024-12-04T02:25:00.000+0530",364
"2024-12-04T02:30:00.000+0530",351
"2024-12-04T02:35:00.000+0530",317
"2024-12-04T02:40:00.000+0530",292
"2024-12-04T02:45:00.000+0530",264
"2024-12-04T02:50:00.000+0530",315
"2024-12-04T02:55:00.000+0530",285
"2024-12-04T03:00:00.000+0530",287
"2024-12-04T03:05:00.000+0530",272
"2024-12-04T03:10:00.000+0530",267
"2024-12-04T03:15:00.000+0530",246
"2024-12-04T03:20:00.000+0530",247
"2024-12-04T03:25:00.000+0530",294
"2024-12-04T03:30:00.000+0530",275
"2024-12-04T03:35:00.000+0530",284
"2024-12-04T03:40:00.000+0530",236
"2024-12-04T03:45:00.000+0530",216
"2024-12-04T03:50:00.000+0530",201
"2024-12-04T03:55:00.000+0530",224
"2024-12-04T04:00:00.000+0530",237
"2024-12-04T04:05:00.000+0530",185
"2024-12-04T04:10:00.000+0530",215
"2024-12-04T04:15:00.000+0530",232
"2024-12-04T04:20:00.000+0530",215
"2024-12-04T04:25:00.000+0530",246
"2024-12-04T04:30:00.000+0530",193
"2024-12-04T04:35:00.000+0530",150
"2024-12-04T04:40:00.000+0530",152
"2024-12-04T04:45:00.000+0530",171
"2024-12-04T04:50:00.000+0530",181
"2024-12-04T04:55:00.000+0530",135
"2024-12-04T05:00:00.000+0530",151
"2024-12-04T05:05:00.000+0530",157
"2024-12-04T05:10:00.000+0530",203
"2024-12-04T05:15:00.000+0530",165
"2024-12-04T05:20:00.000+0530",173
"2024-12-04T05:25:00.000+0530",140
"2024-12-04T05:30:00.000+0530",166
"2024-12-04T05:35:00.000+0530",153
"2024-12-04T05:40:00.000+0530",143
"2024-12-04T05:45:00.000+0530",162
"2024-12-04T05:50:00.000+0530",142
"2024-12-04T05:55:00.000+0530",137
"2024-12-04T06:00:00.000+0530",108
"2024-12-04T06:05:00.000+0530",144
"2024-12-04T06:10:00.000+0530",140
"2024-12-04T06:15:00.000+0530",123
"2024-12-04T06:20:00.000+0530",139
"2024-12-04T06:25:00.000+0530",112
"2024-12-04T06:30:00.000+0530",104
"2024-12-04T06:35:00.000+0530",91
"2024-12-04T06:40:00.000+0530",115
"2024-12-04T06:45:00.000+0530",82
"2024-12-04T06:50:00.000+0530",102
"2024-12-04T06:55:00.000+0530",116
"2024-12-04T07:00:00.000+0530",55
"2024-12-04T07:05:00.000+0530",87
"2024-12-04T07:10:00.000+0530",81
"2024-12-04T07:15:00.000+0530",72
"2024-12-04T07:20:00.000+0530",80
"2024-12-04T07:25:00.000+0530",91
"2024-12-04T07:30:00.000+0530",87
"2024-12-04T07:35:00.000+0530",79
"2024-12-04T07:40:00.000+0530",68
"2024-12-04T07:45:00.000+0530",75
"2024-12-04T07:50:00.000+0530",60
"2024-12-04T07:55:00.000+0530",71
"2024-12-04T08:00:00.000+0530",60
"2024-12-04T08:05:00.000+0530",61
"2024-12-04T08:10:00.000+0530",72
"2024-12-04T08:15:00.000+0530",71
"2024-12-04T08:20:00.000+0530",64
"2024-12-04T08:25:00.000+0530",70
"2024-12-04T08:30:00.000+0530",78
"2024-12-04T08:35:00.000+0530",87
"2024-12-04T08:40:00.000+0530",77
"2024-12-04T08:45:00.000+0530",68
"2024-12-04T08:50:00.000+0530",63
"2024-12-04T08:55:00.000+0530",87
"2024-12-04T09:00:00.000+0530",72
"2024-12-04T09:05:00.000+0530",92
"2024-12-04T09:10:00.000+0530",71
"2024-12-04T09:15:00.000+0530",67
"2024-12-04T09:20:00.000+0530",66
"2024-12-04T09:25:00.000+0530",54
"2024-12-04T09:30:00.000+0530",73
"2024-12-04T09:35:00.000+0530",95
"2024-12-04T09:40:00.000+0530",92
"2024-12-04T09:45:00.000+0530",75
"2024-12-04T09:50:00.000+0530",95
"2024-12-04T09:55:00.000+0530",90
"2024-12-04T10:00:00.000+0530",72
"2024-12-04T10:05:00.000+0530",68
"2024-12-04T10:10:00.000+0530",60
"2024-12-04T10:15:00.000+0530",66
"2024-12-04T10:20:00.000+0530",42
"2024-12-04T10:25:00.000+0530",53
"2024-12-04T10:30:00.000+0530",66
"2024-12-04T10:35:00.000+0530",84
"2024-12-04T10:40:00.000+0530",84
"2024-12-04T10:45:00.000+0530",63
"2024-12-04T10:50:00.000+0530",80
"2024-12-04T10:55:00.000+0530",76
"2024-12-04T11:00:00.000+0530",89
"2024-12-04T11:05:00.000+0530",98
"2024-12-04T11:10:00.000+0530",64
"2024-12-04T11:15:00.000+0530",69
"2024-12-04T11:20:00.000+0530",89
"2024-12-04T11:25:00.000+0530",76
"2024-12-04T11:30:00.000+0530",78
"2024-12-04T11:35:00.000+0530",69
"2024-12-04T11:40:00.000+0530",98
"2024-12-04T11:45:00.000+0530",97
"2024-12-04T11:50:00.000+0530",98
"2024-12-04T11:55:00.000+0530",71
"2024-12-04T12:00:00.000+0530",68
"2024-12-04T12:05:00.000+0530",81
"2024-12-04T12:10:00.000+0530",76
"2024-12-04T12:15:00.000+0530",94
"2024-12-04T12:20:00.000+0530",66
"2024-12-04T12:25:00.000+0530",75
"2024-12-04T12:30:00.000+0530",57
"2024-12-04T12:35:00.000+0530",80
"2024-12-04T12:40:00.000+0530",84
"2024-12-04T12:45:00.000+0530",90
"2024-12-04T12:50:00.000+0530",100
"2024-12-04T12:55:00.000+0530",133
"2024-12-04T13:00:00.000+0530",141
"2024-12-04T13:05:00.000+0530",123
"2024-12-04T13:10:00.000+0530",101
"2024-12-04T13:15:00.000+0530",150
"2024-12-04T13:20:00.000+0530",115
"2024-12-04T13:25:00.000+0530",127
"2024-12-04T13:30:00.000+0530",152
"2024-12-04T13:35:00.000+0530",158
"2024-12-04T13:40:00.000+0530",172
"2024-12-04T13:45:00.000+0530",192
"2024-12-04T13:50:00.000+0530",184
"2024-12-04T13:55:00.000+0530",228
"2024-12-04T14:00:00.000+0530",207
"2024-12-04T14:05:00.000+0530",188
"2024-12-04T14:10:00.000+0530",155
"2024-12-04T14:15:00.000+0530",225
"2024-12-04T14:20:00.000+0530",206
"2024-12-04T14:25:00.000+0530",229
"2024-12-04T14:30:00.000+0530",222
"2024-12-04T14:35:00.000+0530",223
"2024-12-04T14:40:00.000+0530",241
"2024-12-04T14:45:00.000+0530",242
"2024-12-04T14:50:00.000+0530",266
"2024-12-04T14:55:00.000+0530",266
"2024-12-04T15:00:00.000+0530",211
"2024-12-04T15:05:00.000+0530",294
"2024-12-04T15:10:00.000+0530",300
"2024-12-04T15:15:00.000+0530",299
"2024-12-04T15:20:00.000+0530",286
"2024-12-04T15:25:00.000+0530",320
"2024-12-04T15:30:00.000+0530",283
"2024-12-04T15:35:00.000+0530",324
"2024-12-04T15:40:00.000+0530",305
"2024-12-04T15:45:00.000+0530",307
"2024-12-04T15:50:00.000+0530",294
"2024-12-04T15:55:00.000+0530",304
"2024-12-04T16:00:00.000+0530",338
"2024-12-04T16:05:00.000+0530",340
"2024-12-04T16:10:00.000+0530",374
"2024-12-04T16:15:00.000+0530",338
"2024-12-04T16:20:00.000+0530",320
"2024-12-04T16:25:00.000+0530",302
"2024-12-04T16:30:00.000+0530",303
"2024-12-04T16:35:00.000+0530",318
"2024-12-04T16:40:00.000+0530",333
"2024-12-04T16:45:00.000+0530",353
"2024-12-04T16:50:00.000+0530",280
"2024-12-04T16:55:00.000+0530",311
"2024-12-04T17:00:00.000+0530",241
"2024-12-04T17:05:00.000+0530",267
"2024-12-04T17:10:00.000+0530",283
"2024-12-04T17:15:00.000+0530",290
"2024-12-04T17:20:00.000+0530",264
"2024-12-04T17:25:00.000+0530",295
"2024-12-04T17:30:00.000+0530",340
"2024-12-04T17:35:00.000+0530",354
"2024-12-04T17:40:00.000+0530",298
"2024-12-04T17:45:00.000+0530",319
"2024-12-04T17:50:00.000+0530",326
"2024-12-04T17:55:00.000+0530",357
"2024-12-04T18:00:00.000+0530",404
"2024-12-04T18:05:00.000+0530",390
"2024-12-04T18:10:00.000+0530",324
"2024-12-04T18:15:00.000+0530",411
"2024-12-04T18:20:00.000+0530",359
"2024-12-04T18:25:00.000+0530",359
"2024-12-04T18:30:00.000+0530",434
"2024-12-04T18:35:00.000+0530",407
"2024-12-04T18:40:00.000+0530",391
"2024-12-04T18:45:00.000+0530",371
"2024-12-04T18:50:00.000+0530",375
"2024-12-04T18:55:00.000+0530",391
"2024-12-04T19:00:00.000+0530",390
"2024-12-04T19:05:00.000+0530",416
"2024-12-04T19:10:00.000+0530",391
"2024-12-04T19:15:00.000+0530",436
"2024-12-04T19:20:00.000+0530",443
"2024-12-04T19:25:00.000+0530",452
"2024-12-04T19:30:00.000+0530",415
"2024-12-04T19:35:00.000+0530",382
"2024-12-04T19:40:00.000+0530",468
"2024-12-04T19:45:00.000+0530",448
"2024-12-04T19:50:00.000+0530",471
"2024-12-04T19:55:00.000+0530",483
"2024-12-04T20:00:00.000+0530",382
"2024-12-04T20:05:00.000+0530",430
"2024-12-04T20:10:00.000+0530",480
"2024-12-04T20:15:00.000+0530",524
"2024-12-04T20:20:00.000+0530",536
"2024-12-04T20:25:00.000+0530",494
"2024-12-04T20:30:00.000+0530",459
"2024-12-04T20:35:00.000+0530",530
"2024-12-04T20:40:00.000+0530",589
"2024-12-04T20:45:00.000+0530",504
"2024-12-04T20:50:00.000+0530",539
"2024-12-04T20:55:00.000+0530",454
"2024-12-04T21:00:00.000+0530",533
"2024-12-04T21:05:00.000+0530",562
"2024-12-04T21:10:00.000+0530",541
"2024-12-04T21:15:00.000+0530",528
"2024-12-04T21:20:00.000+0530",527
"2024-12-04T21:25:00.000+0530",521
"2024-12-04T21:30:00.000+0530",416
"2024-12-04T21:35:00.000+0530",417
"2024-12-04T21:40:00.000+0530",452
"2024-12-04T21:45:00.000+0530",473
"2024-12-04T21:50:00.000+0530",443
"2024-12-04T21:55:00.000+0530",444
"2024-12-04T22:00:00.000+0530",490
"2024-12-04T22:05:00.000+0530",447
"2024-12-04T22:10:00.000+0530",398
"2024-12-04T22:15:00.000+0530",432
"2024-12-04T22:20:00.000+0530",404
"2024-12-04T22:25:00.000+0530",456
"2024-12-04T22:30:00.000+0530",454
"2024-12-04T22:35:00.000+0530",396
"2024-12-04T22:40:00.000+0530",356
"2024-12-04T22:45:00.000+0530",397
"2024-12-04T22:50:00.000+0530",391
"2024-12-04T22:55:00.000+0530",392
"2024-12-04T23:00:00.000+0530",329
"2024-12-04T23:05:00.000+0530",386
"2024-12-04T23:10:00.000+0530",365
"2024-12-04T23:15:00.000+0530",388
"2024-12-04T23:20:00.000+0530",333
"2024-12-04T23:25:00.000+0530",339
"2024-12-04T23:30:00.000+0530",324
"2024-12-04T23:35:00.000+0530",305
"2024-12-04T23:40:00.000+0530",368
"2024-12-04T23:45:00.000+0530",307
"2024-12-04T23:50:00.000+0530",330
"2024-12-04T23:55:00.000+0530",330
"2024-12-05T00:00:00.000+0530",360
"2024-12-05T00:05:00.000+0530",443
"2024-12-05T00:10:00.000+0530",417
"2024-12-05T00:15:00.000+0530",365
"2024-12-05T00:20:00.000+0530",318
"2024-12-05T00:25:00.000+0530",386
"2024-12-05T00:30:00.000+0530",393
"2024-12-05T00:35:00.000+0530",383
"2024-12-05T00:40:00.000+0530",400
"2024-12-05T00:45:00.000+0530",387
"2024-12-05T00:50:00.000+0530",335
"2024-12-05T00:55:00.000+0530",367
"2024-12-05T01:00:00.000+0530",350
"2024-12-05T01:05:00.000+0530",328
"2024-12-05T01:10:00.000+0530",341
"2024-12-05T01:15:00.000+0530",361
"2024-12-05T01:20:00.000+0530",411
"2024-12-05T01:25:00.000+0530",380
"2024-12-05T01:30:00.000+0530",377
"2024-12-05T01:35:00.000+0530",349
"2024-12-05T01:40:00.000+0530",402
"2024-12-05T01:45:00.000+0530",319
"2024-12-05T01:50:00.000+0530",369
"2024-12-05T01:55:00.000+0530",359
"2024-12-05T02:00:00.000+0530",300
"2024-12-05T02:05:00.000+0530",291
"2024-12-05T02:10:00.000+0530",302
"2024-12-05T02:15:00.000+0530",322
"2024-12-05T02:20:00.000+0530",337
"2024-12-05T02:25:00.000+0530",337
"2024-12-05T02:30:00.000+0530",280
"2024-12-05T02:35:00.000+0530",282
"2024-12-05T02:40:00.000+0530",264
"2024-12-05T02:45:00.000+0530",325
"2024-12-05T02:50:00.000+0530",291
"2024-12-05T02:55:00.000+0530",324
"2024-12-05T03:00:00.000+0530",351
"2024-12-05T03:05:00.000+0530",261
"2024-12-05T03:10:00.000+0530",247
"2024-12-05T03:15:00.000+0530",282
"2024-12-05T03:20:00.000+0530",235
"2024-12-05T03:25:00.000+0530",210
"2024-12-05T03:30:00.000+0530",205
"2024-12-05T03:35:00.000+0530",209
"2024-12-05T03:40:00.000+0530",252
"2024-12-05T03:45:00.000+0530",263
"2024-12-05T03:50:00.000+0530",223
"2024-12-05T03:55:00.000+0530",235
"2024-12-05T04:00:00.000+0530",211
"2024-12-05T04:05:00.000+0530",239
"2024-12-05T04:10:00.000+0530",253
"2024-12-05T04:15:00.000+0530",212
"2024-12-05T04:20:00.000+0530",247
"2024-12-05T04:25:00.000+0530",201
"2024-12-05T04:30:00.000+0530",189
"2024-12-05T04:35:00.000+0530",174
"2024-12-05T04:40:00.000+0530",161
"2024-12-05T04:45:00.000+0530",160
"2024-12-05T04:50:00.000+0530",156
"2024-12-05T04:55:00.000+0530",179
"2024-12-05T05:00:00.000+0530",163
"2024-12-05T05:05:00.000+0530",146
"2024-12-05T05:10:00.000+0530",167
"2024-12-05T05:15:00.000+0530",163
"2024-12-05T05:20:00.000+0530",150
"2024-12-05T05:25:00.000+0530",139
"2024-12-05T05:30:00.000+0530",109
"2024-12-05T05:35:00.000+0530",106
"2024-12-05T05:40:00.000+0530",90
"2024-12-05T05:45:00.000+0530",104
"2024-12-05T05:50:00.000+0530",133
"2024-12-05T05:55:00.000+0530",95
"2024-12-05T06:00:00.000+0530",106
"2024-12-05T06:05:00.000+0530",83
"2024-12-05T06:10:00.000+0530",92
"2024-12-05T06:15:00.000+0530",84
"2024-12-05T06:20:00.000+0530",91
"2024-12-05T06:25:00.000+0530",126
"2024-12-05T06:30:00.000+0530",103
"2024-12-05T06:35:00.000+0530",121
"2024-12-05T06:40:00.000+0530",104
"2024-12-05T06:45:00.000+0530",96
"2024-12-05T06:50:00.000+0530",89
"2024-12-05T06:55:00.000+0530",101
"2024-12-05T07:00:00.000+0530",104
"2024-12-05T07:05:00.000+0530",95
"2024-12-05T07:10:00.000+0530",113
"2024-12-05T07:15:00.000+0530",107
"2024-12-05T07:20:00.000+0530",85
"2024-12-05T07:25:00.000+0530",79
"2024-12-05T07:30:00.000+0530",82
"2024-12-05T07:35:00.000+0530",104
"2024-12-05T07:40:00.000+0530",90
"2024-12-05T07:45:00.000+0530",95
"2024-12-05T07:50:00.000+0530",72
"2024-12-05T07:55:00.000+0530",54
"2024-12-05T08:00:00.000+0530",75
"2024-12-05T08:05:00.000+0530",84
"2024-12-05T08:10:00.000+0530",73
"2024-12-05T08:15:00.000+0530",80
"2024-12-05T08:20:00.000+0530",85
"2024-12-05T08:25:00.000+0530",73
"2024-12-05T08:30:00.000+0530",88
"2024-12-05T08:35:00.000+0530",63
"2024-12-05T08:40:00.000+0530",45
"2024-12-05T08:45:00.000+0530",82
"2024-12-05T08:50:00.000+0530",70
"2024-12-05T08:55:00.000+0530",96
"2024-12-05T09:00:00.000+0530",74
"2024-12-05T09:05:00.000+0530",67
"2024-12-05T09:10:00.000+0530",41
"2024-12-05T09:15:00.000+0530",39
"2024-12-05T09:20:00.000+0530",57
"2024-12-05T09:25:00.000+0530",60
"2024-12-05T09:30:00.000+0530",70
"2024-12-05T09:35:00.000+0530",66
"2024-12-05T09:40:00.000+0530",81
"2024-12-05T09:45:00.000+0530",69
"2024-12-05T09:50:00.000+0530",64
"2024-12-05T09:55:00.000+0530",66
"2024-12-05T10:00:00.000+0530",48
"2024-12-05T10:05:00.000+0530",51
"2024-12-05T10:10:00.000+0530",51
"2024-12-05T10:15:00.000+0530",72
"2024-12-05T10:20:00.000+0530",66
"2024-12-05T10:25:00.000+0530",93
"2024-12-05T10:30:00.000+0530",61
"2024-12-05T10:35:00.000+0530",62
"2024-12-05T10:40:00.000+0530",61
"2024-12-05T10:45:00.000+0530",45
"2024-12-05T10:50:00.000+0530",60
"2024-12-05T10:55:00.000+0530",74
"2024-12-05T11:00:00.000+0530",68
"2024-12-05T11:05:00.000+0530",59
"2024-12-05T11:10:00.000+0530",65
"2024-12-05T11:15:00.000+0530",68
"2024-12-05T11:20:00.000+0530",52
"2024-12-05T11:25:00.000+0530",58
"2024-12-05T11:30:00.000+0530",54
"2024-12-05T11:35:00.000+0530",59
"2024-12-05T11:40:00.000+0530",66
"2024-12-05T11:45:00.000+0530",65
"2024-12-05T11:50:00.000+0530",59
"2024-12-05T11:55:00.000+0530",82
"2024-12-05T12:00:00.000+0530",62
"2024-12-05T12:05:00.000+0530",84
"2024-12-05T12:10:00.000+0530",93
"2024-12-05T12:15:00.000+0530",79
"2024-12-05T12:20:00.000+0530",107
"2024-12-05T12:25:00.000+0530",109
"2024-12-05T12:30:00.000+0530",96
"2024-12-05T12:35:00.000+0530",91
"2024-12-05T12:40:00.000+0530",95
"2024-12-05T12:45:00.000+0530",117
"2024-12-05T12:50:00.000+0530",97
"2024-12-05T12:55:00.000+0530",85
"2024-12-05T13:00:00.000+0530",77
"2024-12-05T13:05:00.000+0530",116
"2024-12-05T13:10:00.000+0530",113
"2024-12-05T13:15:00.000+0530",134
"2024-12-05T13:20:00.000+0530",110
"2024-12-05T13:25:00.000+0530",125
"2024-12-05T13:30:00.000+0530",119
"2024-12-05T13:35:00.000+0530",156
"2024-12-05T13:40:00.000+0530",173
"2024-12-05T13:45:00.000+0530",183
"2024-12-05T13:50:00.000+0530",165
"2024-12-05T13:55:00.000+0530",181
"2024-12-05T14:00:00.000+0530",233
"2024-12-05T14:05:00.000+0530",269
"2024-12-05T14:10:00.000+0530",220
"2024-12-05T14:15:00.000+0530",214
"2024-12-05T14:20:00.000+0530",209
"2024-12-05T14:25:00.000+0530",251
"2024-12-05T14:30:00.000+0530",289
"2024-12-05T14:35:00.000+0530",262
"2024-12-05T14:40:00.000+0530",271
"2024-12-05T14:45:00.000+0530",313
"2024-12-05T14:50:00.000+0530",234
"2024-12-05T14:55:00.000+0530",291
"2024-12-05T15:00:00.000+0530",251
"2024-12-05T15:05:00.000+0530",274
"2024-12-05T15:10:00.000+0530",299
"2024-12-05T15:15:00.000+0530",309
"2024-12-05T15:20:00.000+0530",326
"2024-12-05T15:25:00.000+0530",278
"2024-12-05T15:30:00.000+0530",255
"2024-12-05T15:35:00.000+0530",318
"2024-12-05T15:40:00.000+0530",277
"2024-12-05T15:45:00.000+0530",269
"2024-12-05T15:50:00.000+0530",312
"2024-12-05T15:55:00.000+0530",286
"2024-12-05T16:00:00.000+0530",278
"2024-12-05T16:05:00.000+0530",338
"2024-12-05T16:10:00.000+0530",326
"2024-12-05T16:15:00.000+0530",321
"2024-12-05T16:20:00.000+0530",377
"2024-12-05T16:25:00.000+0530",319
"2024-12-05T16:30:00.000+0530",351
"2024-12-05T16:35:00.000+0530",297
"2024-12-05T16:40:00.000+0530",335
"2024-12-05T16:45:00.000+0530",327
"2024-12-05T16:50:00.000+0530",328
"2024-12-05T16:55:00.000+0530",415
"2024-12-05T17:00:00.000+0530",332
"2024-12-05T17:05:00.000+0530",294
"2024-12-05T17:10:00.000+0530",306
"2024-12-05T17:15:00.000+0530",289
"2024-12-05T17:20:00.000+0530",374
"2024-12-05T17:25:00.000+0530",371
"2024-12-05T17:30:00.000+0530",293
"2024-12-05T17:35:00.000+0530",355
"2024-12-05T17:40:00.000+0530",325
"2024-12-05T17:45:00.000+0530",304
